model,target,feature,importance
logistic_regression,y_flood_1h,slope_deg,0.09104503405963749
logistic_regression,y_flood_1h,sm_mean_7d,0.05157559004250087
logistic_regression,y_flood_1h,impervious_frac,0.045897134791161684
logistic_regression,y_flood_1h,soil_moisture,0.04459330413512658
logistic_regression,y_flood_1h,river_level_m,0.04376502603113616
logistic_regression,y_flood_1h,sm_lag_24h,0.03890861583603686
logistic_regression,y_flood_1h,river_std_24h,0.03243497608777271
logistic_regression,y_flood_1h,sm_change_24h,0.02634781836169645
logistic_regression,y_flood_1h,rain24_x_sm,0.026266195549001985
logistic_regression,y_flood_1h,temp_mean_24h,0.024863443991283058
logistic_regression,y_flood_1h,cover_urban,0.024719590306604908
logistic_regression,y_flood_1h,rain_std_24h,0.024270438114386575
logistic_regression,y_flood_1h,aspect_cos,0.02377466367675162
logistic_regression,y_flood_1h,river_change_24h,0.02263105579504217
logistic_regression,y_flood_1h,rain_sum_24h,0.021127877926114803
logistic_regression,y_flood_1h,rain_prev_7d,0.021035514634155178
logistic_regression,y_flood_1h,river_mean_24h,0.020918253231385842
logistic_regression,y_flood_1h,rain_sum_168h,0.020163058514132966
logistic_regression,y_flood_1h,soil_sandy,0.01952031847600983
logistic_regression,y_flood_1h,sw_monsoon,0.01915742872494724
logistic_regression,y_flood_1h,humidity_mean_24h,0.017612582719990784
logistic_regression,y_flood_1h,ne_monsoon,0.01725463866224775
logistic_regression,y_flood_1h,river_max_72h,0.016626915299129973
logistic_regression,y_flood_1h,ndvi,0.01633182381799909
logistic_regression,y_flood_1h,cover_wetland,0.016098195825136736
logistic_regression,y_flood_1h,doy_sin,0.014975644933200881
logistic_regression,y_flood_1h,rain_prev_day,0.013281675553031998
logistic_regression,y_flood_1h,temperature_c,0.012911934632891203
logistic_regression,y_flood_1h,ndvi_anom_30d,0.012882123395879618
logistic_regression,y_flood_1h,rain_sum_720h,0.012844699548962411
logistic_regression,y_flood_1h,dist_river_km,0.012706821601024708
logistic_regression,y_flood_1h,rain_prev_30d,0.012355522978036214
logistic_regression,y_flood_1h,rain72_x_slope,0.011478799319367015
logistic_regression,y_flood_1h,cover_forest,0.010442542675882257
logistic_regression,y_flood_1h,soil_loam,0.010442542675882257
logistic_regression,y_flood_1h,river_anom_30d,0.010130093817350309
logistic_regression,y_flood_1h,rain_sum_72h,0.009731394484619795
logistic_regression,y_flood_1h,doy_cos,0.00945454501556088
logistic_regression,y_flood_1h,hour_sin,0.009350037642979677
logistic_regression,y_flood_1h,hours_since_flood,0.009171879114126704
logistic_regression,y_flood_1h,river_change_6h,0.006987896321926449
logistic_regression,y_flood_1h,flood_events_past_365d,0.0068812898634726975
logistic_regression,y_flood_1h,hours_since_landslide,0.006723825083729108
logistic_regression,y_flood_1h,rain_sum_3h,0.006718590722063089
logistic_regression,y_flood_1h,elevation_m,0.006607640380968634
logistic_regression,y_flood_1h,wind_speed_ms,0.006371215421865945
logistic_regression,y_flood_1h,wind_max_24h,0.006210643394325411
logistic_regression,y_flood_1h,river_change_1h,0.0057742423671647124
logistic_regression,y_flood_1h,wet_hours_24h,0.005562132295234323
logistic_regression,y_flood_1h,humidity_pct,0.005286427544278743
logistic_regression,y_flood_1h,rainfall_mm,0.005063398380332228
logistic_regression,y_flood_1h,aspect_sin,0.004826566465326653
logistic_regression,y_flood_1h,soil_clay,0.004703712714061804
logistic_regression,y_flood_1h,rain_max_24h,0.004276176593698186
logistic_regression,y_flood_1h,rain_sum_6h,0.003888176602526943
logistic_regression,y_flood_1h,cover_cropland,0.0033838124881850496
logistic_regression,y_flood_1h,rain_max_3h,0.0027791679881147054
logistic_regression,y_flood_1h,cover_mixed,0.0024487549949026694
logistic_regression,y_flood_1h,soil_laterite,0.0023783802932620477
logistic_regression,y_flood_1h,landslide_events_past_365d,0.002359014505421821
logistic_regression,y_flood_1h,hour_cos,0.0012856980702485089
logistic_regression,y_flood_1h,rain_lag_1h,0.00038348551070496696
logistic_regression,y_flood_6h,river_level_m,0.08816710091575944
logistic_regression,y_flood_6h,slope_deg,0.07926318801632375
logistic_regression,y_flood_6h,aspect_sin,0.06229997861709116
logistic_regression,y_flood_6h,impervious_frac,0.04918958120345394
logistic_regression,y_flood_6h,rain_sum_24h,0.041768838824381885
logistic_regression,y_flood_6h,river_anom_30d,0.03911985683492365
logistic_regression,y_flood_6h,temperature_c,0.034593199233184435
logistic_regression,y_flood_6h,doy_sin,0.03141893182093876
logistic_regression,y_flood_6h,temp_mean_24h,0.030965652981272764
logistic_regression,y_flood_6h,ndvi,0.029886231744454796
logistic_regression,y_flood_6h,soil_laterite,0.027475347608171292
logistic_regression,y_flood_6h,cover_urban,0.026655451802264113
logistic_regression,y_flood_6h,soil_sandy,0.025090736973633794
logistic_regression,y_flood_6h,sm_change_24h,0.023738172141900337
logistic_regression,y_flood_6h,river_mean_24h,0.022331490123767728
logistic_regression,y_flood_6h,rain_prev_30d,0.020611035661529914
logistic_regression,y_flood_6h,humidity_mean_24h,0.01919786158923579
logistic_regression,y_flood_6h,dist_river_km,0.017867684959093494
logistic_regression,y_flood_6h,river_change_24h,0.01772044069531904
logistic_regression,y_flood_6h,river_max_72h,0.016426847886846074
logistic_regression,y_flood_6h,rain24_x_sm,0.016019988420944195
logistic_regression,y_flood_6h,rain_sum_72h,0.015226978738902391
logistic_regression,y_flood_6h,aspect_cos,0.014822734728343721
logistic_regression,y_flood_6h,soil_loam,0.014783665617316937
logistic_regression,y_flood_6h,cover_forest,0.014783665617316937
logistic_regression,y_flood_6h,rain_max_24h,0.013616423725397656
logistic_regression,y_flood_6h,cover_wetland,0.013225789925538741
logistic_regression,y_flood_6h,hour_sin,0.012911508861007304
logistic_regression,y_flood_6h,soil_moisture,0.012584609249202383
logistic_regression,y_flood_6h,hour_cos,0.012435826593323174
logistic_regression,y_flood_6h,elevation_m,0.012370582801237888
logistic_regression,y_flood_6h,humidity_pct,0.01137016461196285
logistic_regression,y_flood_6h,landslide_events_past_365d,0.011349768608647497
logistic_regression,y_flood_6h,rain_prev_day,0.010654971257667714
logistic_regression,y_flood_6h,sw_monsoon,0.01006653015703691
logistic_regression,y_flood_6h,rain_sum_168h,0.008255157620606692
logistic_regression,y_flood_6h,flood_events_past_365d,0.00751729511049937
logistic_regression,y_flood_6h,rain_sum_720h,0.007500959521195104
logistic_regression,y_flood_6h,sm_lag_24h,0.007469398607232813
logistic_regression,y_flood_6h,river_change_6h,0.006441521959388536
logistic_regression,y_flood_6h,ndvi_anom_30d,0.0063877081691955774
logistic_regression,y_flood_6h,rainfall_mm,0.005475613047683965
logistic_regression,y_flood_6h,sm_mean_7d,0.005041049666725266
logistic_regression,y_flood_6h,hours_since_flood,0.004994706768012569
logistic_regression,y_flood_6h,rain_sum_6h,0.004640702629178544
logistic_regression,y_flood_6h,wind_max_24h,0.004439558117117112
logistic_regression,y_flood_6h,river_change_1h,0.004234451310605606
logistic_regression,y_flood_6h,river_std_24h,0.003855331186962753
logistic_regression,y_flood_6h,doy_cos,0.0037373364490968087
logistic_regression,y_flood_6h,wind_speed_ms,0.0036015973961335116
logistic_regression,y_flood_6h,soil_clay,0.0029831035145137176
logistic_regression,y_flood_6h,rain_prev_7d,0.002437399832804208
logistic_regression,y_flood_6h,rain_std_24h,0.002203625636220132
logistic_regression,y_flood_6h,rain_lag_1h,0.0020058612010308767
logistic_regression,y_flood_6h,rain72_x_slope,0.0015689998035388652
logistic_regression,y_flood_6h,cover_cropland,0.0013224833808813217
logistic_regression,y_flood_6h,rain_max_3h,0.00121732554250807
logistic_regression,y_flood_6h,cover_mixed,0.000796219296552126
logistic_regression,y_flood_6h,ne_monsoon,0.0007801507707072374
logistic_regression,y_flood_6h,hours_since_landslide,0.0005855976683224093
logistic_regression,y_flood_6h,rain_sum_3h,0.00045280272274706313
logistic_regression,y_flood_6h,wet_hours_24h,4.3204523147286235e-05
logistic_regression,y_flood_24h,slope_deg,0.07162863996319237
logistic_regression,y_flood_24h,river_level_m,0.06323459133985991
logistic_regression,y_flood_24h,impervious_frac,0.06095589959958005
logistic_regression,y_flood_24h,aspect_sin,0.05848064015294013
logistic_regression,y_flood_24h,cover_urban,0.0396125884765199
logistic_regression,y_flood_24h,rain24_x_sm,0.03544180562302479
logistic_regression,y_flood_24h,rain_sum_24h,0.03438949156778061
logistic_regression,y_flood_24h,river_mean_24h,0.03340880639232468
logistic_regression,y_flood_24h,rain_sum_720h,0.033364991003123595
logistic_regression,y_flood_24h,elevation_m,0.03291688264191358
logistic_regression,y_flood_24h,soil_moisture,0.030852872848465735
logistic_regression,y_flood_24h,sm_lag_24h,0.03044980540439524
logistic_regression,y_flood_24h,rain_prev_30d,0.029105440401236662
logistic_regression,y_flood_24h,doy_sin,0.028054668029442464
logistic_regression,y_flood_24h,soil_sandy,0.02790614551992886
logistic_regression,y_flood_24h,ndvi,0.0273784975280806
logistic_regression,y_flood_24h,soil_laterite,0.02165160490187
logistic_regression,y_flood_24h,soil_loam,0.017548567840029998
logistic_regression,y_flood_24h,cover_forest,0.017548567840029998
logistic_regression,y_flood_24h,temperature_c,0.015589779563421129
logistic_regression,y_flood_24h,rain72_x_slope,0.014849498176307728
logistic_regression,y_flood_24h,river_anom_30d,0.01460376532213089
logistic_regression,y_flood_24h,dist_river_km,0.013141940834387083
logistic_regression,y_flood_24h,sm_mean_7d,0.012583002497203524
logistic_regression,y_flood_24h,cover_wetland,0.011794536126119411
logistic_regression,y_flood_24h,hours_since_flood,0.011324397076054872
logistic_regression,y_flood_24h,ndvi_anom_30d,0.011073661973700575
logistic_regression,y_flood_24h,rain_max_24h,0.010133410076415564
logistic_regression,y_flood_24h,rain_sum_168h,0.010111363998106472
logistic_regression,y_flood_24h,humidity_pct,0.010033849845785604
logistic_regression,y_flood_24h,sw_monsoon,0.009879346603948817
logistic_regression,y_flood_24h,rain_std_24h,0.0098169509031182
logistic_regression,y_flood_24h,wet_hours_24h,0.00980792990636565
logistic_regression,y_flood_24h,river_change_24h,0.0097638560636707
logistic_regression,y_flood_24h,rain_prev_7d,0.00966664838220558
logistic_regression,y_flood_24h,ne_monsoon,0.009525228797058975
logistic_regression,y_flood_24h,temp_mean_24h,0.008573925450819897
logistic_regression,y_flood_24h,soil_clay,0.008383155936691944
logistic_regression,y_flood_24h,rain_sum_6h,0.00821123344779862
logistic_regression,y_flood_24h,landslide_events_past_365d,0.00811289850872714
logistic_regression,y_flood_24h,hour_sin,0.008029505944375211
logistic_regression,y_flood_24h,hour_cos,0.007233406399475314
logistic_regression,y_flood_24h,flood_events_past_365d,0.007090462933152885
logistic_regression,y_flood_24h,wind_max_24h,0.006760951720805776
logistic_regression,y_flood_24h,cover_mixed,0.005986737287663233
logistic_regression,y_flood_24h,humidity_mean_24h,0.00562793184078374
logistic_regression,y_flood_24h,rain_sum_3h,0.004931781203749123
logistic_regression,y_flood_24h,rain_max_3h,0.004807328349561362
logistic_regression,y_flood_24h,rain_prev_day,0.004158392328938357
logistic_regression,y_flood_24h,hours_since_landslide,0.003811676139387687
logistic_regression,y_flood_24h,doy_cos,0.0037849333722826286
logistic_regression,y_flood_24h,river_std_24h,0.0036534923171994463
logistic_regression,y_flood_24h,river_change_6h,0.0028517099676076585
logistic_regression,y_flood_24h,river_change_1h,0.0021010806163963562
logistic_regression,y_flood_24h,sm_change_24h,0.0020355933064998065
logistic_regression,y_flood_24h,cover_cropland,0.0017768916283560992
logistic_regression,y_flood_24h,rain_sum_72h,0.0014628278397699956
logistic_regression,y_flood_24h,aspect_cos,0.000862734974806177
logistic_regression,y_flood_24h,rain_lag_1h,0.0007992323561465664
logistic_regression,y_flood_24h,rainfall_mm,0.0007489421694595023
logistic_regression,y_flood_24h,river_max_72h,0.0003686448621959874
logistic_regression,y_flood_24h,wind_speed_ms,0.00020485587760969213
logistic_regression,y_landslide_1h,hour_cos,0.05421808756943434
logistic_regression,y_landslide_1h,doy_sin,0.05176418709065684
logistic_regression,y_landslide_1h,soil_moisture,0.04743669253845233
logistic_regression,y_landslide_1h,ndvi,0.04740089326659883
logistic_regression,y_landslide_1h,sm_lag_24h,0.04326841796188232
logistic_regression,y_landslide_1h,rain_std_24h,0.0421887624965047
logistic_regression,y_landslide_1h,rain_sum_72h,0.04084362554275241
logistic_regression,y_landslide_1h,temperature_c,0.03713997480748844
logistic_regression,y_landslide_1h,humidity_pct,0.03564295648626602
logistic_regression,y_landslide_1h,slope_deg,0.03424611556969929
logistic_regression,y_landslide_1h,cover_cropland,0.03137229269707616
logistic_regression,y_landslide_1h,river_max_72h,0.029898533283712392
logistic_regression,y_landslide_1h,rain_max_24h,0.029414010542710284
logistic_regression,y_landslide_1h,cover_mixed,0.029308302535269715
logistic_regression,y_landslide_1h,hour_sin,0.026283660837942344
logistic_regression,y_landslide_1h,rain_sum_24h,0.02580136549031407
logistic_regression,y_landslide_1h,soil_laterite,0.022176743936112898
logistic_regression,y_landslide_1h,rain24_x_sm,0.021591442941881943
logistic_regression,y_landslide_1h,aspect_cos,0.02084758576582723
logistic_regression,y_landslide_1h,rain_sum_3h,0.02080724049160835
logistic_regression,y_landslide_1h,sm_change_24h,0.0193155967353316
logistic_regression,y_landslide_1h,river_anom_30d,0.018136513506663253
logistic_regression,y_landslide_1h,sw_monsoon,0.01762041336047419
logistic_regression,y_landslide_1h,impervious_frac,0.01617227287226282
logistic_regression,y_landslide_1h,rain_sum_168h,0.016154287140973334
logistic_regression,y_landslide_1h,soil_clay,0.016153980788085
logistic_regression,y_landslide_1h,rain_prev_30d,0.012684341668318673
logistic_regression,y_landslide_1h,elevation_m,0.012596894135728507
logistic_regression,y_landslide_1h,humidity_mean_24h,0.011447442450747537
logistic_regression,y_landslide_1h,rain_lag_1h,0.010894454939226639
logistic_regression,y_landslide_1h,rain_sum_6h,0.010628782883148087
logistic_regression,y_landslide_1h,rain_prev_day,0.009417989502673162
logistic_regression,y_landslide_1h,cover_wetland,0.008863339740155813
logistic_regression,y_landslide_1h,hours_since_flood,0.008419801368221467
logistic_regression,y_landslide_1h,wind_max_24h,0.008404043562766632
logistic_regression,y_landslide_1h,landslide_events_past_365d,0.008149612913343792
logistic_regression,y_landslide_1h,ne_monsoon,0.007321909593154342
logistic_regression,y_landslide_1h,river_mean_24h,0.007320108650682917
logistic_regression,y_landslide_1h,temp_mean_24h,0.007291192227009863
logistic_regression,y_landslide_1h,soil_loam,0.007164684330366771
logistic_regression,y_landslide_1h,cover_forest,0.007164684330366771
logistic_regression,y_landslide_1h,river_change_1h,0.006596722040537782
logistic_regression,y_landslide_1h,soil_sandy,0.005901919756192402
logistic_regression,y_landslide_1h,aspect_sin,0.005520388285093736
logistic_regression,y_landslide_1h,sm_mean_7d,0.005283080604760876
logistic_regression,y_landslide_1h,rain_prev_7d,0.005041511418073722
logistic_regression,y_landslide_1h,rainfall_mm,0.00468730470542356
logistic_regression,y_landslide_1h,wet_hours_24h,0.00449860086648117
logistic_regression,y_landslide_1h,dist_river_km,0.003936121257449866
logistic_regression,y_landslide_1h,doy_cos,0.003504223806017168
logistic_regression,y_landslide_1h,wind_speed_ms,0.003497836171552583
logistic_regression,y_landslide_1h,hours_since_landslide,0.002980168783864134
logistic_regression,y_landslide_1h,river_level_m,0.002715315839235842
logistic_regression,y_landslide_1h,river_std_24h,0.002617411782518374
logistic_regression,y_landslide_1h,river_change_6h,0.0020443409363697426
logistic_regression,y_landslide_1h,ndvi_anom_30d,0.0019023275368214652
logistic_regression,y_landslide_1h,rain_sum_720h,0.001667743247215865
logistic_regression,y_landslide_1h,cover_urban,0.0014639495136548831
logistic_regression,y_landslide_1h,flood_events_past_365d,0.0011462041716168599
logistic_regression,y_landslide_1h,river_change_24h,0.0009808487049246138
logistic_regression,y_landslide_1h,rain72_x_slope,0.0006504558043964009
logistic_regression,y_landslide_1h,rain_max_3h,0.00039028621590690986
logistic_regression,y_landslide_6h,river_level_m,0.07635910384118932
logistic_regression,y_landslide_6h,river_anom_30d,0.06519016328385294
logistic_regression,y_landslide_6h,rain_std_24h,0.05319819518514062
logistic_regression,y_landslide_6h,rain_sum_72h,0.04124303241131486
logistic_regression,y_landslide_6h,slope_deg,0.04096021122094515
logistic_regression,y_landslide_6h,soil_moisture,0.03989043622709599
logistic_regression,y_landslide_6h,sm_mean_7d,0.03988099161187422
logistic_regression,y_landslide_6h,sm_lag_24h,0.03598669226108451
logistic_regression,y_landslide_6h,rain_max_24h,0.0355079752234344
logistic_regression,y_landslide_6h,cover_cropland,0.0337437691931083
logistic_regression,y_landslide_6h,cover_mixed,0.03026973358938292
logistic_regression,y_landslide_6h,river_max_72h,0.025593749396669235
logistic_regression,y_landslide_6h,soil_clay,0.025492646402606126
logistic_regression,y_landslide_6h,rain_sum_720h,0.023680809836256332
logistic_regression,y_landslide_6h,impervious_frac,0.023532876018588694
logistic_regression,y_landslide_6h,ndvi,0.02224596521956031
logistic_regression,y_landslide_6h,doy_sin,0.021284389821200143
logistic_regression,y_landslide_6h,hour_cos,0.02038480732006221
logistic_regression,y_landslide_6h,ne_monsoon,0.019562288415745414
logistic_regression,y_landslide_6h,temp_mean_24h,0.018782743526560907
logistic_regression,y_landslide_6h,flood_events_past_365d,0.018675986451627963
logistic_regression,y_landslide_6h,soil_laterite,0.018650947753306314
logistic_regression,y_landslide_6h,sm_change_24h,0.018166757812253513
logistic_regression,y_landslide_6h,dist_river_km,0.017320692292367476
logistic_regression,y_landslide_6h,humidity_pct,0.01631015765779483
logistic_regression,y_landslide_6h,cover_urban,0.014096539845740157
logistic_regression,y_landslide_6h,soil_sandy,0.013310248444625883
logistic_regression,y_landslide_6h,humidity_mean_24h,0.01254526156248897
logistic_regression,y_landslide_6h,rain_prev_30d,0.012421893063697256
logistic_regression,y_landslide_6h,doy_cos,0.011757757873789965
logistic_regression,y_landslide_6h,cover_forest,0.011041821004674055
logistic_regression,y_landslide_6h,soil_loam,0.011041821004674055
logistic_regression,y_landslide_6h,aspect_sin,0.010568237824984046
logistic_regression,y_landslide_6h,river_std_24h,0.010115531148948021
logistic_regression,y_landslide_6h,rain72_x_slope,0.010090601700768557
logistic_regression,y_landslide_6h,sw_monsoon,0.009643279717311052
logistic_regression,y_landslide_6h,river_mean_24h,0.009224210077549396
logistic_regression,y_landslide_6h,rain_sum_24h,0.008279670786693144
logistic_regression,y_landslide_6h,rain_sum_6h,0.007715057261089352
logistic_regression,y_landslide_6h,ndvi_anom_30d,0.006798807213447669
logistic_regression,y_landslide_6h,rain_prev_7d,0.006040379912263814
logistic_regression,y_landslide_6h,temperature_c,0.005607407562498337
logistic_regression,y_landslide_6h,river_change_6h,0.005516844670047941
logistic_regression,y_landslide_6h,aspect_cos,0.005301327829542788
logistic_regression,y_landslide_6h,hour_sin,0.004915963133945264
logistic_regression,y_landslide_6h,landslide_events_past_365d,0.004836926266127126
logistic_regression,y_landslide_6h,hours_since_flood,0.004618593774418273
logistic_regression,y_landslide_6h,river_change_24h,0.0031985737519520338
logistic_regression,y_landslide_6h,hours_since_landslide,0.0030208412816978727
logistic_regression,y_landslide_6h,rain_prev_day,0.0028074550397789977
logistic_regression,y_landslide_6h,wind_max_24h,0.002046801307141839
logistic_regression,y_landslide_6h,rain_max_3h,0.002017974071222337
logistic_regression,y_landslide_6h,rain24_x_sm,0.00163425412114088
logistic_regression,y_landslide_6h,wind_speed_ms,0.0012862875393869963
logistic_regression,y_landslide_6h,rainfall_mm,0.0011896514296063007
logistic_regression,y_landslide_6h,river_change_1h,0.0011715803887528632
logistic_regression,y_landslide_6h,cover_wetland,0.001115816673297683
logistic_regression,y_landslide_6h,rain_sum_168h,0.0007216383228967841
logistic_regression,y_landslide_6h,wet_hours_24h,0.0007157748234737609
logistic_regression,y_landslide_6h,rain_sum_3h,0.0006977319973406785
logistic_regression,y_landslide_6h,rain_lag_1h,0.0006289027776303642
logistic_regression,y_landslide_6h,elevation_m,0.000343412822332873
logistic_regression,y_landslide_24h,impervious_frac,0.053260459089685394
logistic_regression,y_landslide_24h,river_level_m,0.05148620751107845
logistic_regression,y_landslide_24h,slope_deg,0.046789010226064874
logistic_regression,y_landslide_24h,river_anom_30d,0.0445295716063866
logistic_regression,y_landslide_24h,ndvi,0.04101638822946076
logistic_regression,y_landslide_24h,cover_mixed,0.03664157577838845
logistic_regression,y_landslide_24h,doy_cos,0.03586603033328654
logistic_regression,y_landslide_24h,rain_sum_168h,0.03525314339101902
logistic_regression,y_landslide_24h,rain_sum_720h,0.032111001200309415
logistic_regression,y_landslide_24h,doy_sin,0.031800545519819784
logistic_regression,y_landslide_24h,cover_urban,0.031059175567864597
logistic_regression,y_landslide_24h,aspect_sin,0.02986772099532048
logistic_regression,y_landslide_24h,flood_events_past_365d,0.029141061583689603
logistic_regression,y_landslide_24h,rain_prev_7d,0.028980713360202987
logistic_regression,y_landslide_24h,cover_cropland,0.027994669664808066
logistic_regression,y_landslide_24h,rain_sum_72h,0.026892943715693732
logistic_regression,y_landslide_24h,sm_mean_7d,0.02302584935236843
logistic_regression,y_landslide_24h,ne_monsoon,0.021408809106907758
logistic_regression,y_landslide_24h,temperature_c,0.020486178050155703
logistic_regression,y_landslide_24h,soil_moisture,0.020317209138059896
logistic_regression,y_landslide_24h,river_max_72h,0.020209485680072577
logistic_regression,y_landslide_24h,sm_lag_24h,0.018256141014607204
logistic_regression,y_landslide_24h,soil_sandy,0.017551694721426588
logistic_regression,y_landslide_24h,rain_max_24h,0.017214281310603673
logistic_regression,y_landslide_24h,rain_prev_30d,0.01690509570981007
logistic_regression,y_landslide_24h,soil_clay,0.01685718545990426
logistic_regression,y_landslide_24h,rain_std_24h,0.016573118105671254
logistic_regression,y_landslide_24h,soil_laterite,0.013625130681086629
logistic_regression,y_landslide_24h,elevation_m,0.012670867193796677
logistic_regression,y_landslide_24h,aspect_cos,0.011974598724851378
logistic_regression,y_landslide_24h,cover_forest,0.010987941332332458
logistic_regression,y_landslide_24h,soil_loam,0.010987941332332458
logistic_regression,y_landslide_24h,hour_sin,0.010632475897313308
logistic_regression,y_landslide_24h,wet_hours_24h,0.010309662783847413
logistic_regression,y_landslide_24h,rain_prev_day,0.009843161628011668
logistic_regression,y_landslide_24h,sm_change_24h,0.009674482081536352
logistic_regression,y_landslide_24h,sw_monsoon,0.008818422168906985
logistic_regression,y_landslide_24h,ndvi_anom_30d,0.008009305369074128
logistic_regression,y_landslide_24h,rain_max_3h,0.007329615637012638
logistic_regression,y_landslide_24h,temp_mean_24h,0.007211091890134103
logistic_regression,y_landslide_24h,rain72_x_slope,0.007174817649490394
logistic_regression,y_landslide_24h,hours_since_flood,0.006898081163779682
logistic_regression,y_landslide_24h,rain_sum_3h,0.006795470656577977
logistic_regression,y_landslide_24h,humidity_pct,0.006612780252888389
logistic_regression,y_landslide_24h,humidity_mean_24h,0.006503549061188342
logistic_regression,y_landslide_24h,hours_since_landslide,0.00633485238850279
logistic_regression,y_landslide_24h,hour_cos,0.005658124389217169
logistic_regression,y_landslide_24h,wind_max_24h,0.0055755725760254105
logistic_regression,y_landslide_24h,rain24_x_sm,0.004712217037716
logistic_regression,y_landslide_24h,river_mean_24h,0.004203863148499017
logistic_regression,y_landslide_24h,river_change_24h,0.0031625303613616556
logistic_regression,y_landslide_24h,dist_river_km,0.0025102386393063745
logistic_regression,y_landslide_24h,landslide_events_past_365d,0.0024096763791576275
logistic_regression,y_landslide_24h,rain_sum_24h,0.002065663145137363
logistic_regression,y_landslide_24h,river_change_1h,0.0015806842855636972
logistic_regression,y_landslide_24h,wind_speed_ms,0.0011037865737411883
logistic_regression,y_landslide_24h,rain_lag_1h,0.0009616121632387775
logistic_regression,y_landslide_24h,rainfall_mm,0.0007208752559284646
logistic_regression,y_landslide_24h,cover_wetland,0.0005996675154139314
logistic_regression,y_landslide_24h,river_change_6h,0.0004013744096554433
logistic_regression,y_landslide_24h,river_std_24h,0.00028723812434404503
logistic_regression,y_landslide_24h,rain_sum_6h,0.00015736268036379542
random_forest,y_flood_1h,rain_sum_6h,0.11265450617755363
random_forest,y_flood_1h,river_level_m,0.09058473336162691
random_forest,y_flood_1h,rain_max_3h,0.08930244951833602
random_forest,y_flood_1h,river_anom_30d,0.08368524576611586
random_forest,y_flood_1h,rain_std_24h,0.0682029927655794
random_forest,y_flood_1h,rain_sum_3h,0.06419203776804912
random_forest,y_flood_1h,rain24_x_sm,0.060814848731485245
random_forest,y_flood_1h,river_change_6h,0.05456662798776703
random_forest,y_flood_1h,rain_max_24h,0.04218162365387689
random_forest,y_flood_1h,river_change_24h,0.04184785185793612
random_forest,y_flood_1h,rain_sum_24h,0.031365690560208416
random_forest,y_flood_1h,river_std_24h,0.026948414217341683
random_forest,y_flood_1h,soil_moisture,0.024928257146101078
random_forest,y_flood_1h,river_change_1h,0.01930755305892489
random_forest,y_flood_1h,rain_sum_72h,0.018353854844481463
random_forest,y_flood_1h,rain_lag_1h,0.017829682440853974
random_forest,y_flood_1h,sm_change_24h,0.016704826016812415
random_forest,y_flood_1h,rainfall_mm,0.016599583704277165
random_forest,y_flood_1h,river_max_72h,0.011287170652542346
random_forest,y_flood_1h,hours_since_flood,0.007794908180190162
random_forest,y_flood_1h,wet_hours_24h,0.007621586710346547
random_forest,y_flood_1h,elevation_m,0.007541647048658812
random_forest,y_flood_1h,slope_deg,0.006631411245160487
random_forest,y_flood_1h,river_mean_24h,0.006557723164962278
random_forest,y_flood_1h,rain_sum_168h,0.005533218729854381
random_forest,y_flood_1h,rain72_x_slope,0.004962159068720181
random_forest,y_flood_1h,dist_river_km,0.004693385900191049
random_forest,y_flood_1h,aspect_cos,0.004588507601968518
random_forest,y_flood_1h,sm_lag_24h,0.00457431449008399
random_forest,y_flood_1h,flood_events_past_365d,0.004539371072453362
random_forest,y_flood_1h,rain_prev_7d,0.004351525318646695
random_forest,y_flood_1h,aspect_sin,0.004314880928630533
random_forest,y_flood_1h,ndvi,0.00292544884863447
random_forest,y_flood_1h,rain_sum_720h,0.0028291571504794814
random_forest,y_flood_1h,wind_max_24h,0.002737458606315248
random_forest,y_flood_1h,hour_cos,0.0027025249716358768
random_forest,y_flood_1h,temp_mean_24h,0.0024001363796632654
random_forest,y_flood_1h,wind_speed_ms,0.002304008637945231
random_forest,y_flood_1h,impervious_frac,0.0018010209533370757
random_forest,y_flood_1h,sm_mean_7d,0.0016909269097464298
random_forest,y_flood_1h,humidity_mean_24h,0.0016094080662407142
random_forest,y_flood_1h,soil_clay,0.0016065814357164522
random_forest,y_flood_1h,humidity_pct,0.0015564624952794808
random_forest,y_flood_1h,temperature_c,0.0013847350885516493
random_forest,y_flood_1h,landslide_events_past_365d,0.001260409914492551
random_forest,y_flood_1h,doy_cos,0.0011805617872415206
random_forest,y_flood_1h,cover_wetland,0.0011731265155388402
random_forest,y_flood_1h,rain_prev_30d,0.0011460579188396125
random_forest,y_flood_1h,rain_prev_day,0.0009803430313206861
random_forest,y_flood_1h,ndvi_anom_30d,0.0008619057173279404
random_forest,y_flood_1h,doy_sin,0.000818731079520125
random_forest,y_flood_1h,soil_loam,0.00047568113402768174
random_forest,y_flood_1h,cover_mixed,0.0003470331819202553
random_forest,y_flood_1h,hours_since_landslide,0.0003469432922534203
random_forest,y_flood_1h,hour_sin,0.0002995833730730842
random_forest,y_flood_1h,ne_monsoon,0.0001432617170466408
random_forest,y_flood_1h,cover_forest,9.948712783058942e-05
random_forest,y_flood_1h,soil_sandy,8.948776780743043e-05
random_forest,y_flood_1h,cover_cropland,6.290617892525886e-05
random_forest,y_flood_1h,sw_monsoon,4.506113228412871e-05
random_forest,y_flood_1h,cover_urban,3.73892129115404e-05
random_forest,y_flood_1h,soil_laterite,2.1570684356897288e-05
random_forest,y_flood_6h,rain_sum_6h,0.09788804921397742
random_forest,y_flood_6h,rain_max_3h,0.09160835162610924
random_forest,y_flood_6h,river_change_24h,0.0737262063489898
random_forest,y_flood_6h,rain_max_24h,0.06429375759253501
random_forest,y_flood_6h,rain_std_24h,0.06394496743543027
random_forest,y_flood_6h,river_level_m,0.055835336955435515
random_forest,y_flood_6h,rain_sum_3h,0.049280276556825486
random_forest,y_flood_6h,rain24_x_sm,0.03715023436446702
random_forest,y_flood_6h,river_anom_30d,0.032045964885440474
random_forest,y_flood_6h,soil_moisture,0.028105120079255686
random_forest,y_flood_6h,river_std_24h,0.025973010077499675
random_forest,y_flood_6h,slope_deg,0.024555697085438852
random_forest,y_flood_6h,rain_sum_24h,0.02424640340687333
random_forest,y_flood_6h,river_change_6h,0.022573216768642344
random_forest,y_flood_6h,elevation_m,0.021569850264111654
random_forest,y_flood_6h,rainfall_mm,0.017786119068529924
random_forest,y_flood_6h,rain_sum_72h,0.017712871854159075
random_forest,y_flood_6h,hours_since_flood,0.017152033820171133
random_forest,y_flood_6h,rain_sum_168h,0.014372478059670074
random_forest,y_flood_6h,sm_change_24h,0.014343054402505674
random_forest,y_flood_6h,dist_river_km,0.014232806002142322
random_forest,y_flood_6h,aspect_sin,0.013625239993607412
random_forest,y_flood_6h,aspect_cos,0.013539989229663367
random_forest,y_flood_6h,river_max_72h,0.012302827436853701
random_forest,y_flood_6h,rain_lag_1h,0.009878808772319309
random_forest,y_flood_6h,sm_lag_24h,0.0093663819475762
random_forest,y_flood_6h,river_change_1h,0.009322720039572217
random_forest,y_flood_6h,soil_clay,0.007763167709655918
random_forest,y_flood_6h,wet_hours_24h,0.007310375661008534
random_forest,y_flood_6h,cover_wetland,0.0072848953544854276
random_forest,y_flood_6h,river_mean_24h,0.007146684595144673
random_forest,y_flood_6h,flood_events_past_365d,0.006996993587197294
random_forest,y_flood_6h,humidity_mean_24h,0.006661074147105168
random_forest,y_flood_6h,rain72_x_slope,0.006430651889737679
random_forest,y_flood_6h,rain_prev_7d,0.006276777591937253
random_forest,y_flood_6h,rain_sum_720h,0.005830183270986965
random_forest,y_flood_6h,ndvi,0.005598497410098955
random_forest,y_flood_6h,impervious_frac,0.004999987776999612
random_forest,y_flood_6h,wind_max_24h,0.004658138575907069
random_forest,y_flood_6h,rain_prev_30d,0.004392344399626273
random_forest,y_flood_6h,rain_prev_day,0.004166215891654422
random_forest,y_flood_6h,temp_mean_24h,0.0041370164123097665
random_forest,y_flood_6h,doy_sin,0.0037531782990358194
random_forest,y_flood_6h,sm_mean_7d,0.00360149612599845
random_forest,y_flood_6h,hour_cos,0.0035411204986695336
random_forest,y_flood_6h,temperature_c,0.003285721171469147
random_forest,y_flood_6h,hour_sin,0.0029943352411282275
random_forest,y_flood_6h,humidity_pct,0.002800100906807298
random_forest,y_flood_6h,ndvi_anom_30d,0.002765417619776623
random_forest,y_flood_6h,doy_cos,0.0027373482476106903
random_forest,y_flood_6h,wind_speed_ms,0.0018427597109074649
random_forest,y_flood_6h,soil_loam,0.001091203568309222
random_forest,y_flood_6h,cover_mixed,0.001015582704507545
random_forest,y_flood_6h,soil_laterite,0.0010084780702348307
random_forest,y_flood_6h,landslide_events_past_365d,0.0009428650733270183
random_forest,y_flood_6h,cover_forest,0.0006456531669657569
random_forest,y_flood_6h,cover_urban,0.0005568079993408201
random_forest,y_flood_6h,hours_since_landslide,0.00044272575799223727
random_forest,y_flood_6h,cover_cropland,0.0003537705022116067
random_forest,y_flood_6h,ne_monsoon,0.00031016864516739373
random_forest,y_flood_6h,sw_monsoon,0.00020563138407263975
random_forest,y_flood_6h,soil_sandy,2.0857744810562103e-05
random_forest,y_flood_24h,soil_moisture,0.06691315676020335
random_forest,y_flood_24h,rain_sum_6h,0.060908228196206726
random_forest,y_flood_24h,river_std_24h,0.04842056582472851
random_forest,y_flood_24h,river_max_72h,0.047253402325339484
random_forest,y_flood_24h,rain_max_3h,0.04392003294123475
random_forest,y_flood_24h,rain_sum_168h,0.04034690272533563
random_forest,y_flood_24h,slope_deg,0.03837453000526024
random_forest,y_flood_24h,rain24_x_sm,0.03626959523266136
random_forest,y_flood_24h,rain_sum_72h,0.0335271844499694
random_forest,y_flood_24h,elevation_m,0.03145739830568278
random_forest,y_flood_24h,hours_since_flood,0.0297308381784999
random_forest,y_flood_24h,rain_max_24h,0.029229926041014438
random_forest,y_flood_24h,sm_lag_24h,0.02688184344177569
random_forest,y_flood_24h,rain_std_24h,0.02585410500477957
random_forest,y_flood_24h,river_level_m,0.02562280719565486
random_forest,y_flood_24h,rain_sum_3h,0.024718996426964533
random_forest,y_flood_24h,rain_prev_7d,0.021804193170296186
random_forest,y_flood_24h,aspect_cos,0.021138054557486904
random_forest,y_flood_24h,dist_river_km,0.02074858969250854
random_forest,y_flood_24h,river_change_24h,0.020141440779267526
random_forest,y_flood_24h,aspect_sin,0.018181518370234843
random_forest,y_flood_24h,ndvi,0.016522912942551274
random_forest,y_flood_24h,doy_sin,0.016175205553147238
random_forest,y_flood_24h,rain_prev_day,0.015338936301626634
random_forest,y_flood_24h,river_anom_30d,0.01335778052104854
random_forest,y_flood_24h,flood_events_past_365d,0.013016751457961037
random_forest,y_flood_24h,humidity_mean_24h,0.012691627186802971
random_forest,y_flood_24h,sm_mean_7d,0.012339685020863474
random_forest,y_flood_24h,doy_cos,0.012277671325143371
random_forest,y_flood_24h,rain_sum_720h,0.012112829397005342
random_forest,y_flood_24h,rain_prev_30d,0.01207755778220274
random_forest,y_flood_24h,river_mean_24h,0.011722224182667903
random_forest,y_flood_24h,impervious_frac,0.011543044721643136
random_forest,y_flood_24h,wet_hours_24h,0.010803461474304549
random_forest,y_flood_24h,temp_mean_24h,0.010619020146431155
random_forest,y_flood_24h,soil_clay,0.010613584902614652
random_forest,y_flood_24h,rain_sum_24h,0.010329116014275793
random_forest,y_flood_24h,wind_max_24h,0.009722721605386866
random_forest,y_flood_24h,rain72_x_slope,0.009206913512141137
random_forest,y_flood_24h,ndvi_anom_30d,0.008729719342238465
random_forest,y_flood_24h,river_change_6h,0.00786651931893917
random_forest,y_flood_24h,sm_change_24h,0.007214626949259629
random_forest,y_flood_24h,cover_wetland,0.004748171394741663
random_forest,y_flood_24h,rainfall_mm,0.0044037226455596505
random_forest,y_flood_24h,river_change_1h,0.0038180635197203622
random_forest,y_flood_24h,temperature_c,0.0031750563001482885
random_forest,y_flood_24h,wind_speed_ms,0.0031750135151705993
random_forest,y_flood_24h,hours_since_landslide,0.003056640075064485
random_forest,y_flood_24h,humidity_pct,0.002749924700730975
random_forest,y_flood_24h,rain_lag_1h,0.0025602029622366898
random_forest,y_flood_24h,hour_sin,0.0025495916892546515
random_forest,y_flood_24h,landslide_events_past_365d,0.00254685823408641
random_forest,y_flood_24h,hour_cos,0.002469101019373286
random_forest,y_flood_24h,soil_loam,0.002000772039112411
random_forest,y_flood_24h,cover_forest,0.001749812417814804
random_forest,y_flood_24h,soil_laterite,0.001394489247384403
random_forest,y_flood_24h,cover_cropland,0.0008943724137610071
random_forest,y_flood_24h,ne_monsoon,0.0008920857295334107
random_forest,y_flood_24h,sw_monsoon,0.0007928581051570933
random_forest,y_flood_24h,cover_mixed,0.0006696710165239586
random_forest,y_flood_24h,cover_urban,0.0005854788509105776
random_forest,y_flood_24h,soil_sandy,4.2894840355184324e-05
random_forest,y_landslide_1h,rain72_x_slope,0.14337740001796298
random_forest,y_landslide_1h,soil_moisture,0.1187816440379734
random_forest,y_landslide_1h,river_level_m,0.0907744092916921
random_forest,y_landslide_1h,rain_sum_72h,0.06507180922206449
random_forest,y_landslide_1h,river_mean_24h,0.06134640014150002
random_forest,y_landslide_1h,rain_sum_6h,0.04939907944703534
random_forest,y_landslide_1h,rain24_x_sm,0.04262788790706959
random_forest,y_landslide_1h,rain_std_24h,0.0398042854250455
random_forest,y_landslide_1h,river_max_72h,0.03771276212405458
random_forest,y_landslide_1h,rain_max_3h,0.031160579267983227
random_forest,y_landslide_1h,rain_sum_24h,0.027975375820861265
random_forest,y_landslide_1h,rain_sum_3h,0.025946179357281687
random_forest,y_landslide_1h,rain_sum_168h,0.023415728557151527
random_forest,y_landslide_1h,river_std_24h,0.022621589086824743
random_forest,y_landslide_1h,hours_since_landslide,0.019450125204151965
random_forest,y_landslide_1h,rain_max_24h,0.017277278636081233
random_forest,y_landslide_1h,wet_hours_24h,0.014630815547913753
random_forest,y_landslide_1h,temp_mean_24h,0.013679238426517434
random_forest,y_landslide_1h,river_anom_30d,0.013517610454060438
random_forest,y_landslide_1h,impervious_frac,0.013451353033462485
random_forest,y_landslide_1h,slope_deg,0.012913415877622205
random_forest,y_landslide_1h,rain_lag_1h,0.011451140095172787
random_forest,y_landslide_1h,elevation_m,0.009536000975730492
random_forest,y_landslide_1h,river_change_1h,0.007699432958271236
random_forest,y_landslide_1h,landslide_events_past_365d,0.007194416669359071
random_forest,y_landslide_1h,rainfall_mm,0.007044189115176234
random_forest,y_landslide_1h,aspect_sin,0.006618226599745735
random_forest,y_landslide_1h,temperature_c,0.006177260023228406
random_forest,y_landslide_1h,river_change_24h,0.00567814244713503
random_forest,y_landslide_1h,ndvi,0.0055577225111840085
random_forest,y_landslide_1h,sm_lag_24h,0.0044207209286140185
random_forest,y_landslide_1h,soil_loam,0.003914318289280774
random_forest,y_landslide_1h,river_change_6h,0.0038378318891073965
random_forest,y_landslide_1h,rain_sum_720h,0.0036031459780449327
random_forest,y_landslide_1h,hour_sin,0.003412047590468848
random_forest,y_landslide_1h,rain_prev_7d,0.003360581399423984
random_forest,y_landslide_1h,hour_cos,0.0032643288430934856
random_forest,y_landslide_1h,wind_speed_ms,0.0020836222927422296
random_forest,y_landslide_1h,aspect_cos,0.002050364207649652
random_forest,y_landslide_1h,ndvi_anom_30d,0.0019644602851202433
random_forest,y_landslide_1h,rain_prev_30d,0.0019468760054936936
random_forest,y_landslide_1h,cover_forest,0.0017254497697939243
random_forest,y_landslide_1h,sm_mean_7d,0.0014834043767156626
random_forest,y_landslide_1h,rain_prev_day,0.0014280166406981088
random_forest,y_landslide_1h,dist_river_km,0.0013657779020768458
random_forest,y_landslide_1h,humidity_mean_24h,0.0012171981381026067
random_forest,y_landslide_1h,cover_cropland,0.0011953723479180098
random_forest,y_landslide_1h,sm_change_24h,0.0010718109312130104
random_forest,y_landslide_1h,humidity_pct,0.0008605279004699956
random_forest,y_landslide_1h,wind_max_24h,0.0006866142084374366
random_forest,y_landslide_1h,soil_clay,0.0006814254320785047
random_forest,y_landslide_1h,doy_cos,0.0006029836378647064
random_forest,y_landslide_1h,flood_events_past_365d,0.0006003200976044667
random_forest,y_landslide_1h,doy_sin,0.0005591321189587719
random_forest,y_landslide_1h,soil_laterite,0.00032454501953591757
random_forest,y_landslide_1h,hours_since_flood,0.0001916285076695375
random_forest,y_landslide_1h,soil_sandy,0.0001468775141129753
random_forest,y_landslide_1h,cover_mixed,9.454231278333401e-05
random_forest,y_landslide_1h,sw_monsoon,1.0915653420559608e-05
random_forest,y_landslide_1h,ne_monsoon,3.6615021694921394e-06
random_forest,y_landslide_1h,cover_wetland,2.3822807588014504e-14
random_forest,y_landslide_1h,cover_urban,1.6515809268321948e-16
random_forest,y_landslide_6h,rain72_x_slope,0.13794708311161444
random_forest,y_landslide_6h,soil_moisture,0.10336877643666083
random_forest,y_landslide_6h,river_level_m,0.078815236454556
random_forest,y_landslide_6h,rain_sum_72h,0.05868677795402855
random_forest,y_landslide_6h,river_mean_24h,0.05787220870512115
random_forest,y_landslide_6h,rain24_x_sm,0.053439440455578684
random_forest,y_landslide_6h,river_std_24h,0.03370632054299345
random_forest,y_landslide_6h,rain_std_24h,0.033036944371190896
random_forest,y_landslide_6h,rain_sum_24h,0.03217400323936434
random_forest,y_landslide_6h,river_max_72h,0.03098077910272158
random_forest,y_landslide_6h,rain_sum_168h,0.02953864918280513
random_forest,y_landslide_6h,rain_sum_6h,0.029007803350310276
random_forest,y_landslide_6h,temp_mean_24h,0.025864712459218443
random_forest,y_landslide_6h,impervious_frac,0.025699057533068413
random_forest,y_landslide_6h,slope_deg,0.025480525137482196
random_forest,y_landslide_6h,hours_since_landslide,0.021785476233448252
random_forest,y_landslide_6h,rain_max_24h,0.021228739428839023
random_forest,y_landslide_6h,elevation_m,0.018897315063427712
random_forest,y_landslide_6h,wet_hours_24h,0.01858702416272244
random_forest,y_landslide_6h,landslide_events_past_365d,0.011554045954000426
random_forest,y_landslide_6h,rain_sum_3h,0.011473138065405517
random_forest,y_landslide_6h,rain_max_3h,0.01146530552929462
random_forest,y_landslide_6h,river_change_24h,0.010840982477794336
random_forest,y_landslide_6h,river_anom_30d,0.010599016569694236
random_forest,y_landslide_6h,soil_loam,0.009692109131247137
random_forest,y_landslide_6h,sm_lag_24h,0.009551839502858863
random_forest,y_landslide_6h,ndvi,0.008866663086337483
random_forest,y_landslide_6h,aspect_sin,0.006040551711297628
random_forest,y_landslide_6h,aspect_cos,0.00519938959269105
random_forest,y_landslide_6h,cover_forest,0.005196909804085635
random_forest,y_landslide_6h,temperature_c,0.004317394596977018
random_forest,y_landslide_6h,rain_sum_720h,0.004136459860823006
random_forest,y_landslide_6h,ndvi_anom_30d,0.004127011160412073
random_forest,y_landslide_6h,rain_prev_day,0.004105532038712526
random_forest,y_landslide_6h,river_change_6h,0.0036228298468859686
random_forest,y_landslide_6h,rain_prev_7d,0.003377734785091347
random_forest,y_landslide_6h,rainfall_mm,0.0032434328384506115
random_forest,y_landslide_6h,river_change_1h,0.003118303468341026
random_forest,y_landslide_6h,sm_change_24h,0.0027921698972543122
random_forest,y_landslide_6h,dist_river_km,0.0026723204747196756
random_forest,y_landslide_6h,wind_max_24h,0.002632561869760275
random_forest,y_landslide_6h,sm_mean_7d,0.00251610303220952
random_forest,y_landslide_6h,hour_cos,0.002417996759863939
random_forest,y_landslide_6h,rain_prev_30d,0.002391148227428942
random_forest,y_landslide_6h,doy_sin,0.002205648215575262
random_forest,y_landslide_6h,humidity_mean_24h,0.0021274253712917223
random_forest,y_landslide_6h,humidity_pct,0.002103956558597952
random_forest,y_landslide_6h,doy_cos,0.0017883514818267162
random_forest,y_landslide_6h,flood_events_past_365d,0.001603794976187916
random_forest,y_landslide_6h,soil_clay,0.0015738310224828955
random_forest,y_landslide_6h,wind_speed_ms,0.0014100930236870528
random_forest,y_landslide_6h,cover_cropland,0.0011571536879365668
random_forest,y_landslide_6h,hour_sin,0.0009091496104154122
random_forest,y_landslide_6h,hours_since_flood,0.0008394689448054511
random_forest,y_landslide_6h,rain_lag_1h,0.0008181198680632607
random_forest,y_landslide_6h,soil_laterite,0.0006331264122090554
random_forest,y_landslide_6h,cover_mixed,0.00041405225339373664
random_forest,y_landslide_6h,sw_monsoon,0.00029796159450556984
random_forest,y_landslide_6h,ne_monsoon,3.835340748207059e-05
random_forest,y_landslide_6h,soil_sandy,1.1690364749784546e-05
random_forest,y_landslide_6h,cover_wetland,3.4499037400362553e-16
random_forest,y_landslide_6h,cover_urban,1.8484205451659253e-16
random_forest,y_landslide_24h,rain72_x_slope,0.1114577266163864
random_forest,y_landslide_24h,soil_moisture,0.0832752671846721
random_forest,y_landslide_24h,river_level_m,0.08121226034682455
random_forest,y_landslide_24h,impervious_frac,0.0569796619425094
random_forest,y_landslide_24h,river_mean_24h,0.05090368731510233
random_forest,y_landslide_24h,hours_since_landslide,0.04037690542182003
random_forest,y_landslide_24h,rain24_x_sm,0.04028221144027758
random_forest,y_landslide_24h,slope_deg,0.03970289826605761
random_forest,y_landslide_24h,elevation_m,0.03857766570285019
random_forest,y_landslide_24h,temp_mean_24h,0.037872338364192334
random_forest,y_landslide_24h,rain_sum_72h,0.034222992271430455
random_forest,y_landslide_24h,rain_sum_24h,0.028976452809865348
random_forest,y_landslide_24h,rain_std_24h,0.027888258819688344
random_forest,y_landslide_24h,river_max_72h,0.02588932437042112
random_forest,y_landslide_24h,soil_loam,0.02453169831200627
random_forest,y_landslide_24h,rain_sum_6h,0.024383989775737344
random_forest,y_landslide_24h,cover_forest,0.01841408616752143
random_forest,y_landslide_24h,river_std_24h,0.01710786243712771
random_forest,y_landslide_24h,rain_max_24h,0.015865713206076663
random_forest,y_landslide_24h,river_anom_30d,0.015026998879509685
random_forest,y_landslide_24h,landslide_events_past_365d,0.0130627172847464
random_forest,y_landslide_24h,rain_sum_168h,0.010521709651067124
random_forest,y_landslide_24h,doy_cos,0.010126350239188429
random_forest,y_landslide_24h,wet_hours_24h,0.010007046511741766
random_forest,y_landslide_24h,ndvi,0.009931093203773963
random_forest,y_landslide_24h,sm_lag_24h,0.00937978384624286
random_forest,y_landslide_24h,ndvi_anom_30d,0.009362668265538188
random_forest,y_landslide_24h,rain_max_3h,0.008915456708510006
random_forest,y_landslide_24h,aspect_sin,0.008427143650189838
random_forest,y_landslide_24h,rain_sum_3h,0.007233596191198752
random_forest,y_landslide_24h,aspect_cos,0.006918259820850024
random_forest,y_landslide_24h,doy_sin,0.006077048875347763
random_forest,y_landslide_24h,temperature_c,0.005937728156702745
random_forest,y_landslide_24h,sm_mean_7d,0.005877606809786473
random_forest,y_landslide_24h,rain_prev_30d,0.00565839742408071
random_forest,y_landslide_24h,wind_max_24h,0.00563591434142766
random_forest,y_landslide_24h,humidity_mean_24h,0.004966976222210006
random_forest,y_landslide_24h,hours_since_flood,0.004959399106099487
random_forest,y_landslide_24h,rain_sum_720h,0.0043111937234417705
random_forest,y_landslide_24h,rain_prev_7d,0.003996388754004738
random_forest,y_landslide_24h,river_change_24h,0.003912598206644898
random_forest,y_landslide_24h,rain_prev_day,0.003601872001858751
random_forest,y_landslide_24h,sm_change_24h,0.003569802482993381
random_forest,y_landslide_24h,flood_events_past_365d,0.0033153584469288577
random_forest,y_landslide_24h,dist_river_km,0.002806755365434615
random_forest,y_landslide_24h,river_change_6h,0.0023997785800166692
random_forest,y_landslide_24h,rainfall_mm,0.0023458454071080587
random_forest,y_landslide_24h,cover_cropland,0.002323624405168828
random_forest,y_landslide_24h,river_change_1h,0.0016200496835128092
random_forest,y_landslide_24h,soil_clay,0.0014880386220405223
random_forest,y_landslide_24h,wind_speed_ms,0.0013898181270798594
random_forest,y_landslide_24h,cover_mixed,0.0013740676434566249
random_forest,y_landslide_24h,humidity_pct,0.001373839290588182
random_forest,y_landslide_24h,rain_lag_1h,0.0009717840233652884
random_forest,y_landslide_24h,hour_cos,0.0008222868591969595
random_forest,y_landslide_24h,soil_laterite,0.0007831785210729177
random_forest,y_landslide_24h,hour_sin,0.0005855994795549818
random_forest,y_landslide_24h,ne_monsoon,0.000545628269874308
random_forest,y_landslide_24h,sw_monsoon,0.0004163610867846687
random_forest,y_landslide_24h,soil_sandy,8.801720992427379e-05
random_forest,y_landslide_24h,cover_wetland,1.1217851168869734e-05
random_forest,y_landslide_24h,cover_urban,9.13895756923108e-17
xgboost,y_flood_1h,rain_sum_3h,0.29961418199212686
xgboost,y_flood_1h,rain_sum_6h,0.1020308007669489
xgboost,y_flood_1h,slope_deg,0.05882688068367396
xgboost,y_flood_1h,river_anom_30d,0.058041438988994165
xgboost,y_flood_1h,river_level_m,0.0391518126178462
xgboost,y_flood_1h,rain_max_3h,0.03824361971549863
xgboost,y_flood_1h,rain_std_24h,0.03136425878776447
xgboost,y_flood_1h,rain24_x_sm,0.026529919879814023
xgboost,y_flood_1h,flood_events_past_365d,0.025616123316670927
xgboost,y_flood_1h,elevation_m,0.022435260388745284
xgboost,y_flood_1h,aspect_sin,0.022223770271333817
xgboost,y_flood_1h,river_change_24h,0.0212759747387157
xgboost,y_flood_1h,rain_sum_24h,0.01883040045574023
xgboost,y_flood_1h,hours_since_flood,0.014003130385949282
xgboost,y_flood_1h,impervious_frac,0.011976869110242483
xgboost,y_flood_1h,rain72_x_slope,0.011214082922859874
xgboost,y_flood_1h,landslide_events_past_365d,0.010656235920178224
xgboost,y_flood_1h,rain_sum_168h,0.010511260475743403
xgboost,y_flood_1h,river_change_1h,0.010338075368883782
xgboost,y_flood_1h,soil_moisture,0.00993350457830196
xgboost,y_flood_1h,rain_max_24h,0.0075229369907532755
xgboost,y_flood_1h,humidity_mean_24h,0.0072051648685455775
xgboost,y_flood_1h,river_change_6h,0.007040839848195235
xgboost,y_flood_1h,doy_cos,0.007029650139197568
xgboost,y_flood_1h,river_std_24h,0.006758213418097322
xgboost,y_flood_1h,sm_mean_7d,0.006711530525282366
xgboost,y_flood_1h,doy_sin,0.0062002721642402114
xgboost,y_flood_1h,rainfall_mm,0.005577579876826049
xgboost,y_flood_1h,river_max_72h,0.005444824240094427
xgboost,y_flood_1h,river_mean_24h,0.005401883785367685
xgboost,y_flood_1h,ndvi_anom_30d,0.0052121728297280425
xgboost,y_flood_1h,rain_sum_720h,0.005069745975158941
xgboost,y_flood_1h,rain_prev_7d,0.005061105808059072
xgboost,y_flood_1h,ndvi,0.004892208177650806
xgboost,y_flood_1h,cover_cropland,0.0048148036857802315
xgboost,y_flood_1h,temp_mean_24h,0.004780223024707169
xgboost,y_flood_1h,wind_max_24h,0.004726745954986453
xgboost,y_flood_1h,sm_change_24h,0.0047132885055852945
xgboost,y_flood_1h,wet_hours_24h,0.004542180732714096
xgboost,y_flood_1h,rain_prev_day,0.004525787216392547
xgboost,y_flood_1h,hour_cos,0.004508140349843795
xgboost,y_flood_1h,temperature_c,0.004506419075851556
xgboost,y_flood_1h,hour_sin,0.004336940705877325
xgboost,y_flood_1h,rain_sum_72h,0.004191769618851018
xgboost,y_flood_1h,humidity_pct,0.004115023457160551
xgboost,y_flood_1h,rain_lag_1h,0.0035154129494053147
xgboost,y_flood_1h,dist_river_km,0.003378096127000673
xgboost,y_flood_1h,hours_since_landslide,0.003274474813847035
xgboost,y_flood_1h,sm_lag_24h,0.0028209524380146903
xgboost,y_flood_1h,wind_speed_ms,0.0025789085172008876
xgboost,y_flood_1h,rain_prev_30d,0.002185027856785191
xgboost,y_flood_1h,soil_loam,0.0018262181539613642
xgboost,y_flood_1h,soil_laterite,0.0014378182231994676
xgboost,y_flood_1h,aspect_cos,0.0012760385796065914
xgboost,y_flood_1h,cover_mixed,0.0
xgboost,y_flood_1h,cover_forest,0.0
xgboost,y_flood_1h,soil_sandy,0.0
xgboost,y_flood_1h,soil_clay,0.0
xgboost,y_flood_1h,cover_wetland,0.0
xgboost,y_flood_1h,cover_urban,0.0
xgboost,y_flood_1h,ne_monsoon,0.0
xgboost,y_flood_1h,sw_monsoon,0.0
xgboost,y_flood_6h,rain_sum_3h,0.16007669840775893
xgboost,y_flood_6h,rain_sum_6h,0.12734573872870594
xgboost,y_flood_6h,river_change_24h,0.07780826281832104
xgboost,y_flood_6h,rain_max_3h,0.07280165518341597
xgboost,y_flood_6h,slope_deg,0.04517749961511624
xgboost,y_flood_6h,aspect_sin,0.043416559808337224
xgboost,y_flood_6h,rain_std_24h,0.04185108821207715
xgboost,y_flood_6h,elevation_m,0.03302647187519362
xgboost,y_flood_6h,soil_moisture,0.032517826862072906
xgboost,y_flood_6h,river_level_m,0.0274013846758697
xgboost,y_flood_6h,rain_max_24h,0.024214865727177102
xgboost,y_flood_6h,dist_river_km,0.013436209303614543
xgboost,y_flood_6h,hours_since_flood,0.013434440936840597
xgboost,y_flood_6h,river_max_72h,0.012219280979013411
xgboost,y_flood_6h,river_anom_30d,0.011734631516017344
xgboost,y_flood_6h,hour_cos,0.011592388459486767
xgboost,y_flood_6h,rain_sum_168h,0.01127376013128887
xgboost,y_flood_6h,sm_lag_24h,0.010759504170971644
xgboost,y_flood_6h,rain_prev_day,0.010675325233854449
xgboost,y_flood_6h,rain24_x_sm,0.009984551439343492
xgboost,y_flood_6h,ne_monsoon,0.009973671781538284
xgboost,y_flood_6h,hour_sin,0.009314005126804373
xgboost,y_flood_6h,impervious_frac,0.00901080863624035
xgboost,y_flood_6h,humidity_mean_24h,0.00888061923897441
xgboost,y_flood_6h,river_change_1h,0.008322159307839003
xgboost,y_flood_6h,wet_hours_24h,0.008285396166934902
xgboost,y_flood_6h,wind_max_24h,0.008233952376046613
xgboost,y_flood_6h,sw_monsoon,0.00814080943959417
xgboost,y_flood_6h,sm_change_24h,0.007334920253272001
xgboost,y_flood_6h,doy_sin,0.00714726630043764
xgboost,y_flood_6h,ndvi,0.007095207783323915
xgboost,y_flood_6h,rain72_x_slope,0.006832832753100134
xgboost,y_flood_6h,rain_sum_720h,0.006800280855069507
xgboost,y_flood_6h,river_std_24h,0.00630103088610032
xgboost,y_flood_6h,humidity_pct,0.00622413249087507
xgboost,y_flood_6h,rain_sum_24h,0.005969292297324298
xgboost,y_flood_6h,rain_sum_72h,0.005859126339710127
xgboost,y_flood_6h,soil_clay,0.0057307702908487275
xgboost,y_flood_6h,flood_events_past_365d,0.005585517285188955
xgboost,y_flood_6h,ndvi_anom_30d,0.0055535298609227695
xgboost,y_flood_6h,river_change_6h,0.005533804470349999
xgboost,y_flood_6h,river_mean_24h,0.005530924051271126
xgboost,y_flood_6h,rain_prev_7d,0.005458192278199674
xgboost,y_flood_6h,rainfall_mm,0.005361653834943169
xgboost,y_flood_6h,landslide_events_past_365d,0.005316716004910125
xgboost,y_flood_6h,cover_cropland,0.005284999337438089
xgboost,y_flood_6h,sm_mean_7d,0.005103063334885282
xgboost,y_flood_6h,temp_mean_24h,0.004650805481897707
xgboost,y_flood_6h,doy_cos,0.004476571535413978
xgboost,y_flood_6h,temperature_c,0.004169567121297046
xgboost,y_flood_6h,wind_speed_ms,0.0037917643542243204
xgboost,y_flood_6h,rain_prev_30d,0.0036694264707778272
xgboost,y_flood_6h,hours_since_landslide,0.0029079775718037727
xgboost,y_flood_6h,rain_lag_1h,0.0014010605979653554
xgboost,y_flood_6h,cover_mixed,0.0
xgboost,y_flood_6h,cover_forest,0.0
xgboost,y_flood_6h,soil_sandy,0.0
xgboost,y_flood_6h,soil_loam,0.0
xgboost,y_flood_6h,soil_laterite,0.0
xgboost,y_flood_6h,aspect_cos,0.0
xgboost,y_flood_6h,cover_wetland,0.0
xgboost,y_flood_6h,cover_urban,0.0
xgboost,y_flood_24h,soil_moisture,0.2201786903849904
xgboost,y_flood_24h,slope_deg,0.09599319439582442
xgboost,y_flood_24h,rain_sum_6h,0.0660081692956029
xgboost,y_flood_24h,rain_std_24h,0.04272103521929712
xgboost,y_flood_24h,river_std_24h,0.03859140148839646
xgboost,y_flood_24h,river_max_72h,0.03437487389440433
xgboost,y_flood_24h,elevation_m,0.031118074059984707
xgboost,y_flood_24h,aspect_sin,0.029478837604556735
xgboost,y_flood_24h,hour_sin,0.0281812431155737
xgboost,y_flood_24h,rain_max_24h,0.025657847052561442
xgboost,y_flood_24h,hour_cos,0.025496184472798583
xgboost,y_flood_24h,river_change_24h,0.024875297259028203
xgboost,y_flood_24h,rain_max_3h,0.022437157688755947
xgboost,y_flood_24h,hours_since_flood,0.02020905899070556
xgboost,y_flood_24h,rain_sum_3h,0.01879948354310093
xgboost,y_flood_24h,impervious_frac,0.01550801358045104
xgboost,y_flood_24h,rain_prev_7d,0.01371580076100436
xgboost,y_flood_24h,flood_events_past_365d,0.012140085442924792
xgboost,y_flood_24h,rain_sum_720h,0.011079178160264967
xgboost,y_flood_24h,rain_prev_day,0.010570639917124636
xgboost,y_flood_24h,aspect_cos,0.010349247289872769
xgboost,y_flood_24h,doy_cos,0.010298843232850298
xgboost,y_flood_24h,rain_sum_168h,0.010226302970433173
xgboost,y_flood_24h,hours_since_landslide,0.009649820651775144
xgboost,y_flood_24h,rain_sum_72h,0.00957958471070326
xgboost,y_flood_24h,doy_sin,0.009140563369787526
xgboost,y_flood_24h,rain24_x_sm,0.00856890767016345
xgboost,y_flood_24h,humidity_mean_24h,0.008412935688395929
xgboost,y_flood_24h,soil_laterite,0.008383322611334135
xgboost,y_flood_24h,wind_max_24h,0.008365134891704028
xgboost,y_flood_24h,ndvi,0.008197552980328272
xgboost,y_flood_24h,rain_prev_30d,0.008186977447549952
xgboost,y_flood_24h,river_anom_30d,0.007951756061365034
xgboost,y_flood_24h,rain72_x_slope,0.006955382798335341
xgboost,y_flood_24h,river_level_m,0.006924917631930896
xgboost,y_flood_24h,temp_mean_24h,0.0063365524886060546
xgboost,y_flood_24h,ndvi_anom_30d,0.006036615341476059
xgboost,y_flood_24h,river_change_6h,0.0059186397503229096
xgboost,y_flood_24h,sm_mean_7d,0.00580226925769894
xgboost,y_flood_24h,rain_sum_24h,0.005531569815382115
xgboost,y_flood_24h,ne_monsoon,0.005466097082044264
xgboost,y_flood_24h,landslide_events_past_365d,0.004892520925908379
xgboost,y_flood_24h,sm_change_24h,0.004858307698740912
xgboost,y_flood_24h,rainfall_mm,0.004842779290501125
xgboost,y_flood_24h,river_change_1h,0.004554839617932883
xgboost,y_flood_24h,sm_lag_24h,0.004522709621819425
xgboost,y_flood_24h,river_mean_24h,0.004461589904369261
xgboost,y_flood_24h,dist_river_km,0.0043159032920657035
xgboost,y_flood_24h,wet_hours_24h,0.0038548009475565834
xgboost,y_flood_24h,wind_speed_ms,0.0037598133680545793
xgboost,y_flood_24h,humidity_pct,0.002360728952009405
xgboost,y_flood_24h,rain_lag_1h,0.0015974925702229004
xgboost,y_flood_24h,temperature_c,0.0015321868577196556
xgboost,y_flood_24h,cover_cropland,0.0010290668836884058
xgboost,y_flood_24h,cover_mixed,0.0
xgboost,y_flood_24h,cover_forest,0.0
xgboost,y_flood_24h,soil_sandy,0.0
xgboost,y_flood_24h,soil_loam,0.0
xgboost,y_flood_24h,soil_clay,0.0
xgboost,y_flood_24h,cover_urban,0.0
xgboost,y_flood_24h,cover_wetland,0.0
xgboost,y_flood_24h,sw_monsoon,0.0
xgboost,y_landslide_1h,rain72_x_slope,0.14570243632343416
xgboost,y_landslide_1h,river_level_m,0.12287187018129121
xgboost,y_landslide_1h,soil_moisture,0.10900791539004194
xgboost,y_landslide_1h,slope_deg,0.04415015022434138
xgboost,y_landslide_1h,rain24_x_sm,0.032471893516206135
xgboost,y_landslide_1h,rain_sum_6h,0.032341660146849964
xgboost,y_landslide_1h,rain_sum_3h,0.03199389263156382
xgboost,y_landslide_1h,ne_monsoon,0.030702289638054756
xgboost,y_landslide_1h,river_change_1h,0.028633826264641928
xgboost,y_landslide_1h,rain_max_3h,0.023807864796328626
xgboost,y_landslide_1h,hours_since_landslide,0.022034735592370566
xgboost,y_landslide_1h,elevation_m,0.021895814253415257
xgboost,y_landslide_1h,aspect_cos,0.019567894734687997
xgboost,y_landslide_1h,river_max_72h,0.01793665793593454
xgboost,y_landslide_1h,impervious_frac,0.015542241959178743
xgboost,y_landslide_1h,rainfall_mm,0.014879057668425765
xgboost,y_landslide_1h,rain_sum_24h,0.01455175956573325
xgboost,y_landslide_1h,doy_cos,0.013915420630998154
xgboost,y_landslide_1h,sm_lag_24h,0.012367163146933806
xgboost,y_landslide_1h,rain_sum_72h,0.011621321717100163
xgboost,y_landslide_1h,rain_std_24h,0.011422887002985056
xgboost,y_landslide_1h,rain_prev_7d,0.010600205221651773
xgboost,y_landslide_1h,temp_mean_24h,0.010280521822701689
xgboost,y_landslide_1h,landslide_events_past_365d,0.010267825753511792
xgboost,y_landslide_1h,hour_cos,0.010234559408239906
xgboost,y_landslide_1h,humidity_mean_24h,0.010227161120331717
xgboost,y_landslide_1h,hour_sin,0.010192234934159187
xgboost,y_landslide_1h,rain_sum_168h,0.00935281079301567
xgboost,y_landslide_1h,ndvi,0.009310703714026362
xgboost,y_landslide_1h,sm_change_24h,0.009155119335091472
xgboost,y_landslide_1h,wind_speed_ms,0.009061193883772616
xgboost,y_landslide_1h,river_change_6h,0.008698611186783889
xgboost,y_landslide_1h,sm_mean_7d,0.0084818956998468
xgboost,y_landslide_1h,river_change_24h,0.0084144150883639
xgboost,y_landslide_1h,river_anom_30d,0.007578141707160106
xgboost,y_landslide_1h,rain_max_24h,0.007126671836984571
xgboost,y_landslide_1h,doy_sin,0.007004261263519142
xgboost,y_landslide_1h,river_mean_24h,0.006999335110332888
xgboost,y_landslide_1h,hours_since_flood,0.006640765898849352
xgboost,y_landslide_1h,river_std_24h,0.006468554712450115
xgboost,y_landslide_1h,humidity_pct,0.006288166239065129
xgboost,y_landslide_1h,rain_prev_30d,0.006047415864183819
xgboost,y_landslide_1h,wet_hours_24h,0.005924376607616198
xgboost,y_landslide_1h,temperature_c,0.005793842116680704
xgboost,y_landslide_1h,aspect_sin,0.0054666233338188375
xgboost,y_landslide_1h,rain_prev_day,0.005450916048835733
xgboost,y_landslide_1h,ndvi_anom_30d,0.0052978669667101495
xgboost,y_landslide_1h,rain_lag_1h,0.004693037100258025
xgboost,y_landslide_1h,rain_sum_720h,0.004447969180520698
xgboost,y_landslide_1h,dist_river_km,0.003877461788196711
xgboost,y_landslide_1h,wind_max_24h,0.00319858294280382
xgboost,y_landslide_1h,soil_loam,0.0
xgboost,y_landslide_1h,soil_clay,0.0
xgboost,y_landslide_1h,soil_laterite,0.0
xgboost,y_landslide_1h,cover_mixed,0.0
xgboost,y_landslide_1h,cover_forest,0.0
xgboost,y_landslide_1h,cover_cropland,0.0
xgboost,y_landslide_1h,soil_sandy,0.0
xgboost,y_landslide_1h,cover_wetland,0.0
xgboost,y_landslide_1h,cover_urban,0.0
xgboost,y_landslide_1h,sw_monsoon,0.0
xgboost,y_landslide_1h,flood_events_past_365d,0.0
xgboost,y_landslide_6h,rain72_x_slope,0.2004037029654866
xgboost,y_landslide_6h,soil_moisture,0.1775042177340417
xgboost,y_landslide_6h,slope_deg,0.06604517869791868
xgboost,y_landslide_6h,river_level_m,0.050689847391341754
xgboost,y_landslide_6h,rain_sum_6h,0.040177089752519726
xgboost,y_landslide_6h,rain_sum_3h,0.03846589499924206
xgboost,y_landslide_6h,temp_mean_24h,0.02583200621392985
xgboost,y_landslide_6h,hours_since_landslide,0.022263661652549758
xgboost,y_landslide_6h,aspect_cos,0.020286449153049106
xgboost,y_landslide_6h,elevation_m,0.01858014760878248
xgboost,y_landslide_6h,river_change_24h,0.017956203075592897
xgboost,y_landslide_6h,rain_max_3h,0.01795533062683731
xgboost,y_landslide_6h,hour_cos,0.01643335106047523
xgboost,y_landslide_6h,hour_sin,0.016218908778336958
xgboost,y_landslide_6h,doy_cos,0.014883884152770685
xgboost,y_landslide_6h,sm_change_24h,0.013136575434774908
xgboost,y_landslide_6h,rain_sum_168h,0.012290878998071186
xgboost,y_landslide_6h,landslide_events_past_365d,0.011822856049464384
xgboost,y_landslide_6h,doy_sin,0.011259570650278945
xgboost,y_landslide_6h,river_anom_30d,0.010653078215525986
xgboost,y_landslide_6h,wind_max_24h,0.009218101987596879
xgboost,y_landslide_6h,rain_prev_7d,0.009191973292586201
xgboost,y_landslide_6h,rain_max_24h,0.008547686544318572
xgboost,y_landslide_6h,river_std_24h,0.008291760260849643
xgboost,y_landslide_6h,river_mean_24h,0.007657256286725053
xgboost,y_landslide_6h,humidity_pct,0.007619235532155087
xgboost,y_landslide_6h,sm_lag_24h,0.007406581353522445
xgboost,y_landslide_6h,rain_sum_24h,0.007397164528946934
xgboost,y_landslide_6h,river_change_1h,0.007290307255228725
xgboost,y_landslide_6h,ndvi_anom_30d,0.0071053824756183515
xgboost,y_landslide_6h,wind_speed_ms,0.006987593564747808
xgboost,y_landslide_6h,sm_mean_7d,0.006773217913540748
xgboost,y_landslide_6h,river_max_72h,0.0067328364459000286
xgboost,y_landslide_6h,ndvi,0.006685920982567113
xgboost,y_landslide_6h,rain_std_24h,0.006518212490363365
xgboost,y_landslide_6h,river_change_6h,0.006486829842315616
xgboost,y_landslide_6h,rainfall_mm,0.006470064875357138
xgboost,y_landslide_6h,rain_sum_72h,0.006443729520348866
xgboost,y_landslide_6h,impervious_frac,0.00617484195909632
xgboost,y_landslide_6h,flood_events_past_365d,0.006062428290379824
xgboost,y_landslide_6h,hours_since_flood,0.005781665327300793
xgboost,y_landslide_6h,wet_hours_24h,0.005223714567045694
xgboost,y_landslide_6h,rain_lag_1h,0.005158601051179045
xgboost,y_landslide_6h,aspect_sin,0.005126524504449198
xgboost,y_landslide_6h,rain24_x_sm,0.005025424039077067
xgboost,y_landslide_6h,rain_prev_30d,0.004992678580264327
xgboost,y_landslide_6h,rain_prev_day,0.004648538149409268
xgboost,y_landslide_6h,dist_river_km,0.004579501737467381
xgboost,y_landslide_6h,humidity_mean_24h,0.00438830948588967
xgboost,y_landslide_6h,rain_sum_720h,0.0037494141169547427
xgboost,y_landslide_6h,temperature_c,0.0034056698278079178
xgboost,y_landslide_6h,soil_loam,0.0
xgboost,y_landslide_6h,soil_clay,0.0
xgboost,y_landslide_6h,soil_laterite,0.0
xgboost,y_landslide_6h,cover_mixed,0.0
xgboost,y_landslide_6h,cover_forest,0.0
xgboost,y_landslide_6h,cover_cropland,0.0
xgboost,y_landslide_6h,soil_sandy,0.0
xgboost,y_landslide_6h,cover_wetland,0.0
xgboost,y_landslide_6h,cover_urban,0.0
xgboost,y_landslide_6h,ne_monsoon,0.0
xgboost,y_landslide_6h,sw_monsoon,0.0
xgboost,y_landslide_24h,rain72_x_slope,0.20491511126764828
xgboost,y_landslide_24h,soil_moisture,0.20043321999741903
xgboost,y_landslide_24h,slope_deg,0.05890505728227159
xgboost,y_landslide_24h,river_level_m,0.04882362095475908
xgboost,y_landslide_24h,rain_sum_6h,0.03618990893564711
xgboost,y_landslide_24h,elevation_m,0.024049673066536267
xgboost,y_landslide_24h,river_change_24h,0.023902489431790862
xgboost,y_landslide_24h,impervious_frac,0.020712537699416275
xgboost,y_landslide_24h,rain24_x_sm,0.020114642661409308
xgboost,y_landslide_24h,landslide_events_past_365d,0.01822487559106739
xgboost,y_landslide_24h,hours_since_landslide,0.015923130434566092
xgboost,y_landslide_24h,rain_sum_3h,0.015402641275795735
xgboost,y_landslide_24h,temp_mean_24h,0.015058598044456918
xgboost,y_landslide_24h,sw_monsoon,0.014834316355644805
xgboost,y_landslide_24h,hours_since_flood,0.01375760601640845
xgboost,y_landslide_24h,ne_monsoon,0.013225913641586162
xgboost,y_landslide_24h,rain_std_24h,0.012900592391085153
xgboost,y_landslide_24h,rain_max_3h,0.012356871882760013
xgboost,y_landslide_24h,rain_max_24h,0.012334859682891287
xgboost,y_landslide_24h,doy_sin,0.010543459630712744
xgboost,y_landslide_24h,rain_sum_168h,0.010433553894064456
xgboost,y_landslide_24h,sm_change_24h,0.009895059663075667
xgboost,y_landslide_24h,wet_hours_24h,0.009678736199982775
xgboost,y_landslide_24h,aspect_sin,0.009500752496812122
xgboost,y_landslide_24h,rain_prev_30d,0.008996430234958355
xgboost,y_landslide_24h,rain_prev_day,0.008935359341382424
xgboost,y_landslide_24h,ndvi_anom_30d,0.008804459388102715
xgboost,y_landslide_24h,doy_cos,0.008548553388469632
xgboost,y_landslide_24h,hour_cos,0.008367259889667343
xgboost,y_landslide_24h,hour_sin,0.00835937051957823
xgboost,y_landslide_24h,ndvi,0.007996588431021676
xgboost,y_landslide_24h,sm_mean_7d,0.007992696062754899
xgboost,y_landslide_24h,rain_sum_720h,0.007776160632330103
xgboost,y_landslide_24h,rain_prev_7d,0.007715226099903998
xgboost,y_landslide_24h,river_anom_30d,0.007301740615489371
xgboost,y_landslide_24h,dist_river_km,0.00687341471762056
xgboost,y_landslide_24h,river_mean_24h,0.006658794418790083
xgboost,y_landslide_24h,river_std_24h,0.00663959719909348
xgboost,y_landslide_24h,flood_events_past_365d,0.006602095182670908
xgboost,y_landslide_24h,sm_lag_24h,0.006219797248364695
xgboost,y_landslide_24h,wind_max_24h,0.0050153479018092955
xgboost,y_landslide_24h,humidity_mean_24h,0.0049093335208449905
xgboost,y_landslide_24h,aspect_cos,0.004268999112703483
xgboost,y_landslide_24h,river_max_72h,0.004225638629752429
xgboost,y_landslide_24h,cover_mixed,0.004138320915056039
xgboost,y_landslide_24h,rain_sum_72h,0.0041101731385003995
xgboost,y_landslide_24h,temperature_c,0.003937555111564308
xgboost,y_landslide_24h,river_change_1h,0.0034365591841945048
xgboost,y_landslide_24h,river_change_6h,0.002896637886518935
xgboost,y_landslide_24h,humidity_pct,0.0027364974110831984
xgboost,y_landslide_24h,rain_sum_24h,0.00167056247166758
xgboost,y_landslide_24h,wind_speed_ms,0.0011220513497539526
xgboost,y_landslide_24h,rain_lag_1h,0.0009974637532409111
xgboost,y_landslide_24h,rainfall_mm,0.0006300877453039403
xgboost,y_landslide_24h,cover_forest,0.0
xgboost,y_landslide_24h,cover_cropland,0.0
xgboost,y_landslide_24h,soil_sandy,0.0
xgboost,y_landslide_24h,soil_loam,0.0
xgboost,y_landslide_24h,soil_clay,0.0
xgboost,y_landslide_24h,soil_laterite,0.0
xgboost,y_landslide_24h,cover_wetland,0.0
xgboost,y_landslide_24h,cover_urban,0.0
lightgbm,y_flood_1h,rain_sum_3h,0.5055538900923797
lightgbm,y_flood_1h,elevation_m,0.14024015931559264
lightgbm,y_flood_1h,aspect_cos,0.0872666598272515
lightgbm,y_flood_1h,hours_since_flood,0.06239600926871406
lightgbm,y_flood_1h,rain_sum_6h,0.058970391357874144
lightgbm,y_flood_1h,river_anom_30d,0.04030618593577469
lightgbm,y_flood_1h,sm_mean_7d,0.017027706068868175
lightgbm,y_flood_1h,rain_max_3h,0.013405259689836321
lightgbm,y_flood_1h,humidity_mean_24h,0.011194497598527512
lightgbm,y_flood_1h,rain_prev_30d,0.009487676198395132
lightgbm,y_flood_1h,wind_speed_ms,0.009480481466515
lightgbm,y_flood_1h,river_level_m,0.00911227818870637
lightgbm,y_flood_1h,hour_cos,0.008226450583687827
lightgbm,y_flood_1h,wind_max_24h,0.006392459170489254
lightgbm,y_flood_1h,dist_river_km,0.0060870087697475666
lightgbm,y_flood_1h,rain_prev_day,0.005557741940080011
lightgbm,y_flood_1h,ndvi_anom_30d,0.005123748451735737
lightgbm,y_flood_1h,wet_hours_24h,0.0030747979759640654
lightgbm,y_flood_1h,river_change_6h,0.0010965980998602844
lightgbm,y_flood_1h,rain_sum_720h,0.0
lightgbm,y_flood_1h,humidity_pct,0.0
lightgbm,y_flood_1h,rain_std_24h,0.0
lightgbm,y_flood_1h,soil_moisture,0.0
lightgbm,y_flood_1h,rain_sum_168h,0.0
lightgbm,y_flood_1h,rain_sum_72h,0.0
lightgbm,y_flood_1h,rain_sum_24h,0.0
lightgbm,y_flood_1h,rain_prev_7d,0.0
lightgbm,y_flood_1h,rainfall_mm,0.0
lightgbm,y_flood_1h,rain_lag_1h,0.0
lightgbm,y_flood_1h,temperature_c,0.0
lightgbm,y_flood_1h,river_mean_24h,0.0
lightgbm,y_flood_1h,river_change_24h,0.0
lightgbm,y_flood_1h,river_change_1h,0.0
lightgbm,y_flood_1h,sm_lag_24h,0.0
lightgbm,y_flood_1h,sm_change_24h,0.0
lightgbm,y_flood_1h,rain_max_24h,0.0
lightgbm,y_flood_1h,temp_mean_24h,0.0
lightgbm,y_flood_1h,river_std_24h,0.0
lightgbm,y_flood_1h,impervious_frac,0.0
lightgbm,y_flood_1h,soil_clay,0.0
lightgbm,y_flood_1h,soil_laterite,0.0
lightgbm,y_flood_1h,soil_loam,0.0
lightgbm,y_flood_1h,soil_sandy,0.0
lightgbm,y_flood_1h,river_max_72h,0.0
lightgbm,y_flood_1h,aspect_sin,0.0
lightgbm,y_flood_1h,slope_deg,0.0
lightgbm,y_flood_1h,cover_mixed,0.0
lightgbm,y_flood_1h,cover_forest,0.0
lightgbm,y_flood_1h,cover_cropland,0.0
lightgbm,y_flood_1h,cover_wetland,0.0
lightgbm,y_flood_1h,ndvi,0.0
lightgbm,y_flood_1h,rain72_x_slope,0.0
lightgbm,y_flood_1h,rain24_x_sm,0.0
lightgbm,y_flood_1h,cover_urban,0.0
lightgbm,y_flood_1h,hour_sin,0.0
lightgbm,y_flood_1h,doy_sin,0.0
lightgbm,y_flood_1h,sw_monsoon,0.0
lightgbm,y_flood_1h,doy_cos,0.0
lightgbm,y_flood_1h,ne_monsoon,0.0
lightgbm,y_flood_1h,flood_events_past_365d,0.0
lightgbm,y_flood_1h,landslide_events_past_365d,0.0
lightgbm,y_flood_1h,hours_since_landslide,0.0
lightgbm,y_flood_6h,rain_sum_3h,0.40915881059831577
lightgbm,y_flood_6h,elevation_m,0.13726359503890165
lightgbm,y_flood_6h,hours_since_flood,0.08219641679675005
lightgbm,y_flood_6h,rain_max_24h,0.07020322765169783
lightgbm,y_flood_6h,aspect_cos,0.03488200473677409
lightgbm,y_flood_6h,rain_sum_168h,0.03136410147123559
lightgbm,y_flood_6h,hour_cos,0.02865777852048768
lightgbm,y_flood_6h,river_anom_30d,0.025451325403957795
lightgbm,y_flood_6h,rain_sum_6h,0.013447222229486293
lightgbm,y_flood_6h,wind_max_24h,0.012367955197406487
lightgbm,y_flood_6h,ndvi,0.01142486748958486
lightgbm,y_flood_6h,temperature_c,0.010874831174849803
lightgbm,y_flood_6h,soil_moisture,0.009076987995883464
lightgbm,y_flood_6h,rain_sum_72h,0.008967866770079868
lightgbm,y_flood_6h,rain_prev_day,0.00874174331667129
lightgbm,y_flood_6h,dist_river_km,0.008274222956665758
lightgbm,y_flood_6h,river_change_24h,0.007967477667462825
lightgbm,y_flood_6h,doy_sin,0.007954565382164717
lightgbm,y_flood_6h,hour_sin,0.007908741225155079
lightgbm,y_flood_6h,humidity_mean_24h,0.007768049796668439
lightgbm,y_flood_6h,rain_max_3h,0.007742794896858261
lightgbm,y_flood_6h,impervious_frac,0.00530955674524916
lightgbm,y_flood_6h,flood_events_past_365d,0.004988591098957607
lightgbm,y_flood_6h,temp_mean_24h,0.003917670811236077
lightgbm,y_flood_6h,rain72_x_slope,0.003672792405589768
lightgbm,y_flood_6h,ndvi_anom_30d,0.0035892027867188525
lightgbm,y_flood_6h,river_change_6h,0.003443477867772832
lightgbm,y_flood_6h,sm_mean_7d,0.003246956147434157
lightgbm,y_flood_6h,humidity_pct,0.0028588727799558713
lightgbm,y_flood_6h,doy_cos,0.0027617350772878965
lightgbm,y_flood_6h,rain_sum_720h,0.0025240406984030194
lightgbm,y_flood_6h,river_mean_24h,0.0023107338076355883
lightgbm,y_flood_6h,rain_prev_7d,0.0019710327954167352
lightgbm,y_flood_6h,sm_lag_24h,0.0017070873185155314
lightgbm,y_flood_6h,river_std_24h,0.0016624047177707954
lightgbm,y_flood_6h,river_change_1h,0.001612658726281035
lightgbm,y_flood_6h,hours_since_landslide,0.0014483947200085046
lightgbm,y_flood_6h,rain_prev_30d,0.0013755298690151033
lightgbm,y_flood_6h,rain24_x_sm,0.0012369255682038167
lightgbm,y_flood_6h,rain_lag_1h,0.0011497256830955468
lightgbm,y_flood_6h,rainfall_mm,0.001002700762653278
lightgbm,y_flood_6h,river_level_m,0.0009550305219657082
lightgbm,y_flood_6h,rain_sum_24h,0.000837530154674277
lightgbm,y_flood_6h,sm_change_24h,0.0008287849511319757
lightgbm,y_flood_6h,river_max_72h,0.0007925404614534188
lightgbm,y_flood_6h,rain_std_24h,0.0006880362034576279
lightgbm,y_flood_6h,wet_hours_24h,0.0006801556809265934
lightgbm,y_flood_6h,landslide_events_past_365d,0.000580929944221193
lightgbm,y_flood_6h,slope_deg,0.0005362136206232714
lightgbm,y_flood_6h,wind_speed_ms,0.0003493523420623593
lightgbm,y_flood_6h,aspect_sin,0.00013507902389412705
lightgbm,y_flood_6h,cover_mixed,0.0001316703913306973
lightgbm,y_flood_6h,soil_clay,0.0
lightgbm,y_flood_6h,soil_laterite,0.0
lightgbm,y_flood_6h,cover_forest,0.0
lightgbm,y_flood_6h,cover_cropland,0.0
lightgbm,y_flood_6h,soil_sandy,0.0
lightgbm,y_flood_6h,soil_loam,0.0
lightgbm,y_flood_6h,cover_wetland,0.0
lightgbm,y_flood_6h,cover_urban,0.0
lightgbm,y_flood_6h,ne_monsoon,0.0
lightgbm,y_flood_6h,sw_monsoon,0.0
lightgbm,y_flood_24h,soil_moisture,0.20555525526067914
lightgbm,y_flood_24h,elevation_m,0.19099420714980928
lightgbm,y_flood_24h,rain_sum_6h,0.10124216380870468
lightgbm,y_flood_24h,river_max_72h,0.06090132696735847
lightgbm,y_flood_24h,river_change_24h,0.060073253060714704
lightgbm,y_flood_24h,hours_since_flood,0.038315310231628666
lightgbm,y_flood_24h,doy_sin,0.024953743148973466
lightgbm,y_flood_24h,rain_max_24h,0.02039612695233813
lightgbm,y_flood_24h,rain_max_3h,0.01997771954065672
lightgbm,y_flood_24h,doy_cos,0.019875435706736094
lightgbm,y_flood_24h,hour_cos,0.019760904513488345
lightgbm,y_flood_24h,slope_deg,0.018490129281578404
lightgbm,y_flood_24h,rain_prev_30d,0.01825323110587701
lightgbm,y_flood_24h,ndvi,0.01688013801152307
lightgbm,y_flood_24h,rain_prev_7d,0.016749056661954916
lightgbm,y_flood_24h,rain_sum_72h,0.014736140300743661
lightgbm,y_flood_24h,flood_events_past_365d,0.01320666962321666
lightgbm,y_flood_24h,hour_sin,0.012446162097204382
lightgbm,y_flood_24h,wind_max_24h,0.012301309026379605
lightgbm,y_flood_24h,river_std_24h,0.011241757700068508
lightgbm,y_flood_24h,ndvi_anom_30d,0.010383238430092565
lightgbm,y_flood_24h,temp_mean_24h,0.009534204948171601
lightgbm,y_flood_24h,humidity_mean_24h,0.008952355685365076
lightgbm,y_flood_24h,sm_mean_7d,0.008381969353645238
lightgbm,y_flood_24h,rain_sum_168h,0.008265741058849497
lightgbm,y_flood_24h,rain24_x_sm,0.006786208147767657
lightgbm,y_flood_24h,rain72_x_slope,0.005383989435033606
lightgbm,y_flood_24h,river_level_m,0.005363600208125092
lightgbm,y_flood_24h,sm_lag_24h,0.004682735744449929
lightgbm,y_flood_24h,rain_prev_day,0.004535941409341147
lightgbm,y_flood_24h,rain_sum_720h,0.00441539479127205
lightgbm,y_flood_24h,aspect_sin,0.0029689839608317246
lightgbm,y_flood_24h,river_anom_30d,0.002357297913600575
lightgbm,y_flood_24h,sm_change_24h,0.0023458622900416506
lightgbm,y_flood_24h,rain_sum_3h,0.0022216652908283374
lightgbm,y_flood_24h,hours_since_landslide,0.002213146367591121
lightgbm,y_flood_24h,rain_std_24h,0.002172858869685522
lightgbm,y_flood_24h,landslide_events_past_365d,0.0021106646376886713
lightgbm,y_flood_24h,dist_river_km,0.0020588223885275136
lightgbm,y_flood_24h,impervious_frac,0.0019812929511312865
lightgbm,y_flood_24h,aspect_cos,0.001681820567543638
lightgbm,y_flood_24h,river_change_6h,0.0014189819792303211
lightgbm,y_flood_24h,river_change_1h,0.0009538941098911623
lightgbm,y_flood_24h,cover_wetland,0.0005563268337042846
lightgbm,y_flood_24h,wet_hours_24h,0.00037012828218084597
lightgbm,y_flood_24h,river_mean_24h,0.00031406258389994087
lightgbm,y_flood_24h,sw_monsoon,0.00029645997316760537
lightgbm,y_flood_24h,rain_sum_24h,0.0002687930783369959
lightgbm,y_flood_24h,ne_monsoon,0.00020002175582934905
lightgbm,y_flood_24h,soil_clay,0.00018525625233473372
lightgbm,y_flood_24h,temperature_c,0.00014422561071231096
lightgbm,y_flood_24h,soil_laterite,0.00014401494149504955
lightgbm,y_flood_24h,humidity_pct,0.0
lightgbm,y_flood_24h,rainfall_mm,0.0
lightgbm,y_flood_24h,rain_lag_1h,0.0
lightgbm,y_flood_24h,wind_speed_ms,0.0
lightgbm,y_flood_24h,cover_mixed,0.0
lightgbm,y_flood_24h,soil_sandy,0.0
lightgbm,y_flood_24h,soil_loam,0.0
lightgbm,y_flood_24h,cover_forest,0.0
lightgbm,y_flood_24h,cover_cropland,0.0
lightgbm,y_flood_24h,cover_urban,0.0
lightgbm,y_landslide_1h,river_mean_24h,0.2838770425327995
lightgbm,y_landslide_1h,rain_max_3h,0.20894394833259755
lightgbm,y_landslide_1h,rain_sum_3h,0.10114799197395932
lightgbm,y_landslide_1h,ndvi,0.0757818433378986
lightgbm,y_landslide_1h,rain72_x_slope,0.06107338456561653
lightgbm,y_landslide_1h,river_level_m,0.0530362184934556
lightgbm,y_landslide_1h,river_change_24h,0.05001273368554876
lightgbm,y_landslide_1h,rain_sum_6h,0.023601580128814536
lightgbm,y_landslide_1h,impervious_frac,0.01966941538523696
lightgbm,y_landslide_1h,river_max_72h,0.016429980976512496
lightgbm,y_landslide_1h,hours_since_landslide,0.013393637329074977
lightgbm,y_landslide_1h,soil_moisture,0.010004768568456704
lightgbm,y_landslide_1h,rainfall_mm,0.007439734456396573
lightgbm,y_landslide_1h,rain_sum_72h,0.0067419952807534714
lightgbm,y_landslide_1h,rain24_x_sm,0.006595317668804771
lightgbm,y_landslide_1h,doy_sin,0.005649050403965719
lightgbm,y_landslide_1h,temperature_c,0.005433574844107046
lightgbm,y_landslide_1h,temp_mean_24h,0.005209451368324449
lightgbm,y_landslide_1h,rain_prev_day,0.004820004844095305
lightgbm,y_landslide_1h,rain_sum_24h,0.00471480549102279
lightgbm,y_landslide_1h,rain_lag_1h,0.004371082801287874
lightgbm,y_landslide_1h,hour_sin,0.003833011841442205
lightgbm,y_landslide_1h,rain_sum_720h,0.0038198557421878373
lightgbm,y_landslide_1h,hour_cos,0.0034440119381203504
lightgbm,y_landslide_1h,landslide_events_past_365d,0.002804558926157559
lightgbm,y_landslide_1h,river_anom_30d,0.002557101528132564
lightgbm,y_landslide_1h,rain_max_24h,0.002448013818521331
lightgbm,y_landslide_1h,ndvi_anom_30d,0.0017286699173938089
lightgbm,y_landslide_1h,sm_mean_7d,0.0017233003182883292
lightgbm,y_landslide_1h,wind_speed_ms,0.0014639459584486877
lightgbm,y_landslide_1h,doy_cos,0.0014596161363696527
lightgbm,y_landslide_1h,aspect_cos,0.0014236435927329003
lightgbm,y_landslide_1h,rain_sum_168h,0.0012672189063126715
lightgbm,y_landslide_1h,sm_change_24h,0.0010774625423308616
lightgbm,y_landslide_1h,wind_max_24h,0.0008037538892771126
lightgbm,y_landslide_1h,rain_prev_7d,0.0007755877449640447
lightgbm,y_landslide_1h,humidity_mean_24h,0.0006815307379940595
lightgbm,y_landslide_1h,rain_std_24h,0.0004886871127463807
lightgbm,y_landslide_1h,river_change_1h,0.0002524668798501022
lightgbm,y_landslide_1h,river_change_6h,0.0
lightgbm,y_landslide_1h,wet_hours_24h,0.0
lightgbm,y_landslide_1h,rain_prev_30d,0.0
lightgbm,y_landslide_1h,humidity_pct,0.0
lightgbm,y_landslide_1h,sm_lag_24h,0.0
lightgbm,y_landslide_1h,elevation_m,0.0
lightgbm,y_landslide_1h,slope_deg,0.0
lightgbm,y_landslide_1h,cover_mixed,0.0
lightgbm,y_landslide_1h,cover_forest,0.0
lightgbm,y_landslide_1h,cover_cropland,0.0
lightgbm,y_landslide_1h,soil_sandy,0.0
lightgbm,y_landslide_1h,soil_loam,0.0
lightgbm,y_landslide_1h,soil_laterite,0.0
lightgbm,y_landslide_1h,soil_clay,0.0
lightgbm,y_landslide_1h,dist_river_km,0.0
lightgbm,y_landslide_1h,river_std_24h,0.0
lightgbm,y_landslide_1h,aspect_sin,0.0
lightgbm,y_landslide_1h,cover_wetland,0.0
lightgbm,y_landslide_1h,cover_urban,0.0
lightgbm,y_landslide_1h,ne_monsoon,0.0
lightgbm,y_landslide_1h,sw_monsoon,0.0
lightgbm,y_landslide_1h,hours_since_flood,0.0
lightgbm,y_landslide_1h,flood_events_past_365d,0.0
lightgbm,y_landslide_6h,soil_moisture,0.46257390624654965
lightgbm,y_landslide_6h,elevation_m,0.15874745963487139
lightgbm,y_landslide_6h,hours_since_landslide,0.09217916390094041
lightgbm,y_landslide_6h,hour_cos,0.05596961477126033
lightgbm,y_landslide_6h,doy_sin,0.030292767639478968
lightgbm,y_landslide_6h,sm_mean_7d,0.028626748871160342
lightgbm,y_landslide_6h,rain_sum_6h,0.018812374968098514
lightgbm,y_landslide_6h,rain_max_3h,0.011600151544499025
lightgbm,y_landslide_6h,rain_sum_72h,0.010316078916724642
lightgbm,y_landslide_6h,sm_change_24h,0.009626826529972987
lightgbm,y_landslide_6h,river_level_m,0.009258613025681995
lightgbm,y_landslide_6h,rain_max_24h,0.009200225160496128
lightgbm,y_landslide_6h,ndvi,0.008351545205936508
lightgbm,y_landslide_6h,river_std_24h,0.007430299561922523
lightgbm,y_landslide_6h,rain_prev_7d,0.0073395690591449595
lightgbm,y_landslide_6h,rain72_x_slope,0.006345533850636622
lightgbm,y_landslide_6h,rain_std_24h,0.005954164735985645
lightgbm,y_landslide_6h,rain_sum_3h,0.0057935003086612355
lightgbm,y_landslide_6h,river_max_72h,0.005065474990660039
lightgbm,y_landslide_6h,doy_cos,0.004957243303711781
lightgbm,y_landslide_6h,wind_speed_ms,0.004567440048851792
lightgbm,y_landslide_6h,wind_max_24h,0.004161261304405283
lightgbm,y_landslide_6h,ndvi_anom_30d,0.0037614853780443993
lightgbm,y_landslide_6h,hour_sin,0.0033740632906485704
lightgbm,y_landslide_6h,river_change_6h,0.0029779919746831416
lightgbm,y_landslide_6h,landslide_events_past_365d,0.0027085898347133184
lightgbm,y_landslide_6h,temp_mean_24h,0.0026216036296829357
lightgbm,y_landslide_6h,humidity_mean_24h,0.00244151747483692
lightgbm,y_landslide_6h,sm_lag_24h,0.002171155096368027
lightgbm,y_landslide_6h,rain_sum_168h,0.0021197385888490866
lightgbm,y_landslide_6h,temperature_c,0.002007458865378491
lightgbm,y_landslide_6h,river_anom_30d,0.0017016585621109069
lightgbm,y_landslide_6h,river_change_24h,0.0016092838224402795
lightgbm,y_landslide_6h,rain_prev_30d,0.0015878001078997353
lightgbm,y_landslide_6h,rain_prev_day,0.001533759608641633
lightgbm,y_landslide_6h,hours_since_flood,0.0013884755415380652
lightgbm,y_landslide_6h,rainfall_mm,0.0012804227767039768
lightgbm,y_landslide_6h,river_change_1h,0.0012500793976750902
lightgbm,y_landslide_6h,rain_sum_720h,0.001214991252974773
lightgbm,y_landslide_6h,dist_river_km,0.0010882135953873074
lightgbm,y_landslide_6h,humidity_pct,0.0010772282897235459
lightgbm,y_landslide_6h,river_mean_24h,0.0010013773785904232
lightgbm,y_landslide_6h,rain_sum_24h,0.0009418263064418134
lightgbm,y_landslide_6h,rain_lag_1h,0.0008874409915776252
lightgbm,y_landslide_6h,wet_hours_24h,0.0007302480058152794
lightgbm,y_landslide_6h,slope_deg,0.0003912146280852659
lightgbm,y_landslide_6h,rain24_x_sm,0.0003780984782743368
lightgbm,y_landslide_6h,aspect_sin,0.00014365421736796968
lightgbm,y_landslide_6h,flood_events_past_365d,0.00014300932209269237
lightgbm,y_landslide_6h,impervious_frac,0.00014265411130623688
lightgbm,y_landslide_6h,aspect_cos,5.7400124528222884e-05
lightgbm,y_landslide_6h,sw_monsoon,5.069452768121149e-05
lightgbm,y_landslide_6h,cover_forest,4.6901240287939086e-05
lightgbm,y_landslide_6h,soil_laterite,0.0
lightgbm,y_landslide_6h,cover_mixed,0.0
lightgbm,y_landslide_6h,cover_cropland,0.0
lightgbm,y_landslide_6h,soil_sandy,0.0
lightgbm,y_landslide_6h,soil_loam,0.0
lightgbm,y_landslide_6h,soil_clay,0.0
lightgbm,y_landslide_6h,cover_urban,0.0
lightgbm,y_landslide_6h,cover_wetland,0.0
lightgbm,y_landslide_6h,ne_monsoon,0.0
lightgbm,y_landslide_24h,soil_moisture,0.3153891230101206
lightgbm,y_landslide_24h,rain72_x_slope,0.158491368780607
lightgbm,y_landslide_24h,elevation_m,0.13473047591137985
lightgbm,y_landslide_24h,rain_sum_6h,0.06498447100382203
lightgbm,y_landslide_24h,river_level_m,0.046881911555130024
lightgbm,y_landslide_24h,hours_since_landslide,0.04206245548026468
lightgbm,y_landslide_24h,doy_sin,0.03654654053750302
lightgbm,y_landslide_24h,doy_cos,0.017385994883025255
lightgbm,y_landslide_24h,rain_sum_168h,0.017177245332897786
lightgbm,y_landslide_24h,rain_prev_7d,0.015871372113017965
lightgbm,y_landslide_24h,ndvi,0.015003453900828414
lightgbm,y_landslide_24h,rain_prev_day,0.01429509943757424
lightgbm,y_landslide_24h,hour_cos,0.013303526674549114
lightgbm,y_landslide_24h,rain_max_24h,0.009601296823582458
lightgbm,y_landslide_24h,hour_sin,0.008622723893019794
lightgbm,y_landslide_24h,temp_mean_24h,0.008270959881206259
lightgbm,y_landslide_24h,slope_deg,0.008143805835598757
lightgbm,y_landslide_24h,ndvi_anom_30d,0.007788526914072359
lightgbm,y_landslide_24h,landslide_events_past_365d,0.007728116028934395
lightgbm,y_landslide_24h,dist_river_km,0.006668257763934463
lightgbm,y_landslide_24h,hours_since_flood,0.006378802315145667
lightgbm,y_landslide_24h,sm_change_24h,0.0048630013918636575
lightgbm,y_landslide_24h,wet_hours_24h,0.004351429904571588
lightgbm,y_landslide_24h,wind_max_24h,0.0033549593801710364
lightgbm,y_landslide_24h,rain_prev_30d,0.003318935480795427
lightgbm,y_landslide_24h,rain_sum_24h,0.0023006662120283955
lightgbm,y_landslide_24h,humidity_mean_24h,0.002095531086575865
lightgbm,y_landslide_24h,sm_mean_7d,0.0020944701271105263
lightgbm,y_landslide_24h,river_max_72h,0.0019323535615709934
lightgbm,y_landslide_24h,rain_sum_720h,0.001918515964469113
lightgbm,y_landslide_24h,rain_sum_72h,0.0018439316164365457
lightgbm,y_landslide_24h,river_mean_24h,0.001779510274599258
lightgbm,y_landslide_24h,rain24_x_sm,0.001705769794558509
lightgbm,y_landslide_24h,rain_max_3h,0.0016734151978427955
lightgbm,y_landslide_24h,sm_lag_24h,0.0016682670300336392
lightgbm,y_landslide_24h,river_anom_30d,0.0015988565256396246
lightgbm,y_landslide_24h,river_change_6h,0.0010923545086958788
lightgbm,y_landslide_24h,rain_sum_3h,0.001034401766132597
lightgbm,y_landslide_24h,impervious_frac,0.0010245864273670713
lightgbm,y_landslide_24h,rainfall_mm,0.0007641321410014246
lightgbm,y_landslide_24h,river_change_24h,0.0007613177500214849
lightgbm,y_landslide_24h,river_change_1h,0.0006411427114429158
lightgbm,y_landslide_24h,flood_events_past_365d,0.0005863990400013411
lightgbm,y_landslide_24h,temperature_c,0.0005114717958894301
lightgbm,y_landslide_24h,aspect_sin,0.000375935479156958
lightgbm,y_landslide_24h,river_std_24h,0.00032271696987409593
lightgbm,y_landslide_24h,rain_std_24h,0.00030681407883656573
lightgbm,y_landslide_24h,humidity_pct,0.00030264193051512804
lightgbm,y_landslide_24h,aspect_cos,0.00019697753771540555
lightgbm,y_landslide_24h,sw_monsoon,0.0001389991491436672
lightgbm,y_landslide_24h,wind_speed_ms,0.00011496708972489453
lightgbm,y_landslide_24h,rain_lag_1h,0.0
lightgbm,y_landslide_24h,soil_clay,0.0
lightgbm,y_landslide_24h,soil_laterite,0.0
lightgbm,y_landslide_24h,cover_mixed,0.0
lightgbm,y_landslide_24h,cover_forest,0.0
lightgbm,y_landslide_24h,cover_cropland,0.0
lightgbm,y_landslide_24h,soil_sandy,0.0
lightgbm,y_landslide_24h,soil_loam,0.0
lightgbm,y_landslide_24h,cover_urban,0.0
lightgbm,y_landslide_24h,cover_wetland,0.0
lightgbm,y_landslide_24h,ne_monsoon,0.0
