hazard,model,rule,threshold,events,detected,detection_rate,mean_lead_hours,median_lead_hours,false_alarm_episodes_per_region_month
flood,logistic_regression,alert_level,0.5,39,17,0.4358974358974359,6.294117647058823,2.0,0.10714285714285714
flood,logistic_regression,best_f1,0.1083304355936437,39,35,0.8974358974358975,13.057142857142857,14.0,1.4226190476190477
flood,random_forest,alert_level,0.5,39,7,0.1794871794871795,11.714285714285714,11.0,0.3630952380952381
flood,random_forest,best_f1,0.1434115550176599,39,29,0.7435897435897436,13.241379310344827,12.0,1.2738095238095237
flood,xgboost,alert_level,0.5,39,0,0.0,0.0,0.0,0.0
flood,xgboost,best_f1,0.24280684014393877,39,31,0.7948717948717948,13.612903225806452,12.0,2.3095238095238093
flood,lightgbm,alert_level,0.5,39,0,0.0,0.0,0.0,0.011904761904761904
flood,lightgbm,best_f1,0.19311273982372473,39,26,0.6666666666666666,15.461538461538462,18.0,1.8630952380952381
flood,lstm,alert_level,0.5,39,0,0.0,0.0,0.0,0.0
flood,lstm,best_f1,0.16293733429951815,39,29,0.7435897435897436,16.551724137931036,18.0,1.0119047619047619
flood,gru,alert_level,0.5,39,3,0.07692307692307693,7.333333333333333,4.0,0.011904761904761904
flood,gru,best_f1,0.09310950244347965,39,36,0.9230769230769231,15.833333333333334,20.0,1.2321428571428572
landslide,logistic_regression,alert_level,0.5,38,12,0.3157894736842105,14.166666666666666,14.0,0.1488095238095238
landslide,logistic_regression,best_f1,0.09638323334429787,38,34,0.8947368421052632,19.176470588235293,24.0,1.1666666666666667
landslide,random_forest,alert_level,0.5,38,5,0.13157894736842105,16.2,20.0,0.023809523809523808
landslide,random_forest,best_f1,0.19728823550267638,38,25,0.6578947368421053,16.24,21.0,0.31547619047619047
landslide,xgboost,alert_level,0.5,38,10,0.2631578947368421,17.4,19.0,0.05357142857142857
landslide,xgboost,best_f1,0.20177772996613783,38,30,0.7894736842105263,16.666666666666668,20.0,0.5714285714285714
landslide,lightgbm,alert_level,0.5,38,0,0.0,0.0,0.0,0.0
landslide,lightgbm,best_f1,0.24346946776244294,38,28,0.7368421052631579,18.821428571428573,21.5,1.8571428571428572
landslide,lstm,alert_level,0.5,38,0,0.0,0.0,0.0,0.0
landslide,lstm,best_f1,0.14892229358192927,38,29,0.7631578947368421,19.103448275862068,23.0,0.6547619047619048
landslide,gru,alert_level,0.5,38,0,0.0,0.0,0.0,0.0
landslide,gru,best_f1,0.1803584146725984,38,25,0.6578947368421053,16.76,19.0,0.44642857142857145
