model,target,region_id,positives,roc_auc,pr_auc
xgboost,y_flood_24h,ALP,408,0.8768446914206296,0.2906442179429521
xgboost,y_flood_24h,EKM,192,0.9404789259453782,0.2083817833481128
xgboost,y_flood_24h,IDK,0,,
xgboost,y_flood_24h,KKD,24,0.9265276823870574,0.3618737728135721
xgboost,y_flood_24h,KLM,24,0.9682444291819292,0.1055810445251313
xgboost,y_flood_24h,KNR,72,0.91741882161858,0.1951477936891916
xgboost,y_flood_24h,KSD,0,,
xgboost,y_flood_24h,KTM,72,0.9139657829445467,0.09535275445762295
xgboost,y_flood_24h,MLP,48,0.9575465832568105,0.3650417886532337
xgboost,y_flood_24h,PKD,0,,
xgboost,y_flood_24h,PTA,24,0.9797008547008548,0.20869690912509833
xgboost,y_flood_24h,TSR,24,0.8044108669108668,0.05150294479068632
xgboost,y_flood_24h,TVM,48,0.9656065867003367,0.2526516130042039
xgboost,y_flood_24h,WYD,0,,
xgboost,y_landslide_24h,ALP,0,,
xgboost,y_landslide_24h,EKM,0,,
xgboost,y_landslide_24h,IDK,432,0.948642964830825,0.4832499184489541
xgboost,y_landslide_24h,KKD,48,0.9065728305785123,0.03456158560367936
xgboost,y_landslide_24h,KLM,0,,
xgboost,y_landslide_24h,KNR,120,0.9657585841049383,0.24583002888650085
xgboost,y_landslide_24h,KSD,0,,
xgboost,y_landslide_24h,KTM,0,,
xgboost,y_landslide_24h,MLP,72,0.9170743170656845,0.118674067568543
xgboost,y_landslide_24h,PKD,0,,
xgboost,y_landslide_24h,PTA,96,0.916268707679286,0.4091863579656963
xgboost,y_landslide_24h,TSR,0,,
xgboost,y_landslide_24h,TVM,0,,
xgboost,y_landslide_24h,WYD,144,0.9243066839471784,0.1878934649438018
