model,hazard,horizon,target,positives,base_rate,roc_auc,pr_auc,brier,brier_skill,ece,threshold,precision,recall,f1,precision_at_alert,recall_at_alert,f1_at_alert,val_pr_auc
logistic_regression,flood,1,y_flood_1h,33,0.0006295787545787546,0.9927607788555042,0.05490901051668694,0.0006484122802953397,-0.03056330815680708,0.000191841046533009,0.04573764894879544,0.058394160583941604,0.24242424242424243,0.09411764705882353,0.0,0.0,0.0,0.03399482901660033
logistic_regression,flood,6,y_flood_6h,198,0.0037774725274725275,0.9793439779076915,0.1327322139411698,0.003508881799624532,0.06758110409967322,0.0005931583413132199,0.09961366948898166,0.1693227091633466,0.4292929292929293,0.24285714285714285,0.25,0.005050505050505051,0.009900990099009901,0.07367884475025085
logistic_regression,flood,24,y_flood_24h,792,0.01510989010989011,0.9524581492125658,0.17765800313160035,0.013372024642819611,0.10143792211232294,0.00396100099104755,0.09468742652379493,0.20614035087719298,0.5934343434343434,0.3059895833333333,0.047619047619047616,0.0012626262626262627,0.0024600246002460025,0.10533452718186809
logistic_regression,landslide,1,y_landslide_1h,25,0.00047695360195360194,0.8968521310912179,0.014136291193749555,0.0005019354843752522,-0.05288018895907842,0.0002594136235283634,0.035207893706652185,0.0,0.0,0.0,0.0,0.0,0.0,0.06831983561467057
logistic_regression,landslide,6,y_landslide_6h,150,0.0028617216117216115,0.8805748797816298,0.04017701524111945,0.002826687548088299,0.009407503239636239,0.0009300201986235484,0.11152176294288123,0.10638297872340426,0.06666666666666667,0.08196721311475409,0.0,0.0,0.0,0.09794112715194318
logistic_regression,landslide,24,y_landslide_24h,600,0.011446886446886446,0.804613069965519,0.03428255878792445,0.011227189583429342,0.007835523897027352,0.009702870410734596,0.06324173837925667,0.0,0.0,0.0,0.0,0.0,0.0,0.041953313666958064
random_forest,flood,1,y_flood_1h,33,0.0006295787545787546,0.9800082608341013,0.1628165874672552,0.0005825826085023499,0.07406401985579603,0.00011994885240073177,0.08279498244740727,0.2,0.24242424242424243,0.2191780821917808,0.25,0.030303030303030304,0.05405405405405406,0.10386469615174061
random_forest,flood,6,y_flood_6h,198,0.0037774725274725275,0.9834674254127317,0.3558925628595515,0.0031102864074515155,0.17350028197585332,0.001133422019012235,0.07798196773345674,0.2782874617737003,0.4595959595959596,0.3466666666666667,0.8333333333333334,0.025252525252525252,0.049019607843137254,0.2067455867990928
random_forest,flood,24,y_flood_24h,792,0.01510989010989011,0.9488430059349109,0.2795245927068243,0.01262269233931421,0.15179092471673616,0.005340257294132739,0.2375123164964367,0.41702127659574467,0.12373737373737374,0.19084712755598832,0.75,0.026515151515151516,0.05121951219512195,0.25943676229325446
random_forest,landslide,1,y_landslide_1h,25,0.00047695360195360194,0.9506251073657689,0.10173302756826783,0.00045345855368691203,0.04880698306229114,0.00026044544365969486,0.09336722212747461,0.1724137931034483,0.2,0.18518518518518517,0.0,0.0,0.0,0.19958113066498034
random_forest,landslide,6,y_landslide_6h,150,0.0028617216117216115,0.9789449482774015,0.18507861200026113,0.002767533993908951,0.030137444533076763,0.000612911050713017,0.18487813652660168,0.22727272727272727,0.26666666666666666,0.24539877300613497,0.3442622950819672,0.14,0.1990521327014218,0.32217419460927266
random_forest,landslide,24,y_landslide_24h,600,0.011446886446886446,0.9628450028305285,0.3170717979308867,0.009813306317786966,0.13278262121845164,0.0048098943143249535,0.18702456663780379,0.2704453441295547,0.5566666666666666,0.3640326975476839,0.42513368983957217,0.265,0.3264887063655031,0.3516496495858223
xgboost,flood,1,y_flood_1h,33,0.0006295787545787546,0.975558228178353,0.2431807035304695,0.0005572905825381908,0.114262262146549,0.0002652944668033087,0.3029640299191512,0.3076923076923077,0.12121212121212122,0.17391304347826086,0.0,0.0,0.0,0.2277189974029558
xgboost,flood,6,y_flood_6h,198,0.0037774725274725275,0.9793072728123859,0.3307675293198425,0.0030590098515632415,0.18712605575712804,0.0018312350426627141,0.07491669979010507,0.254278728606357,0.5252525252525253,0.342668863261944,0.0,0.0,0.0,0.2145665174851375
xgboost,flood,24,y_flood_24h,792,0.01510989010989011,0.9387399902676229,0.23428764744279726,0.012927679600851286,0.13129664694084342,0.007540351058381844,0.3175431187335909,0.3225806451612903,0.15151515151515152,0.20618556701030927,0.0,0.0,0.0,0.26196373758213704
xgboost,landslide,1,y_landslide_1h,25,0.00047695360195360194,0.9278857055601152,0.08907978174622079,0.0004877710881526216,-0.02316837810765615,0.0003042185338378853,0.04186188973376633,0.07936507936507936,0.2,0.11363636363636363,0.16666666666666666,0.04,0.06451612903225806,0.22636565143590512
xgboost,landslide,6,y_landslide_6h,150,0.0028617216117216115,0.9784408602150538,0.21227704424555643,0.0029279070625594893,-0.026064153905030807,0.0005214621393978593,0.1485920950179796,0.21,0.28,0.24,0.31521739130434784,0.19333333333333333,0.2396694214876033,0.4300006685274675
xgboost,landslide,24,y_landslide_24h,600,0.011446886446886446,0.9611026838556946,0.3507506652342191,0.00953377435055451,0.157485302665335,0.004374503907674453,0.3170658393311164,0.35,0.455,0.39565217391304347,0.441747572815534,0.30333333333333334,0.35968379446640314,0.40641663357890145
lightgbm,flood,1,y_flood_1h,33,0.0006295787545787546,0.7385498071025819,0.06969076742675337,0.0005982517911738835,0.04915998083492201,0.000300004443090791,0.008783389160248269,0.07476635514018691,0.48484848484848486,0.12955465587044535,0.0,0.0,0.0,0.07935736091254095
lightgbm,flood,6,y_flood_6h,198,0.0037774725274725275,0.9684832835614173,0.24957167173110945,0.003204352041895703,0.14850412079994868,0.0016584666283555897,0.17399691598809358,0.2918287937743191,0.3787878787878788,0.32967032967032966,0.0,0.0,0.0,0.18825757579081154
lightgbm,flood,24,y_flood_24h,792,0.01510989010989011,0.9396472032818499,0.2316578262374641,0.013089941045209276,0.12039313872141588,0.005783138886254672,0.1435812293934483,0.31527093596059114,0.32323232323232326,0.3192019950124688,0.24358974358974358,0.023989898989898988,0.04367816091954023,0.23464112071787252
lightgbm,landslide,1,y_landslide_1h,25,0.00047695360195360194,0.6900536351663453,0.004423496161917239,0.0004769907680865065,-0.0005551423800045363,0.0006035417793358369,0.023091114894700556,0.010263929618768328,0.28,0.019801980198019802,0.0,0.0,0.0,0.015954456948038438
lightgbm,landslide,6,y_landslide_6h,150,0.0028617216117216115,0.981734460898736,0.22881342410013353,0.003089565789891855,-0.0827163022613544,0.0007162503752427873,0.09367981187778905,0.19838056680161945,0.32666666666666666,0.24685138539042822,0.2702702702702703,0.2,0.22988505747126436,0.35545957636711334
lightgbm,landslide,24,y_landslide_24h,600,0.011446886446886446,0.9606277983634398,0.3067757718972395,0.010077230651019646,0.10945921103937073,0.004964290118466782,0.27957347897352036,0.3803030303030303,0.41833333333333333,0.3984126984126984,0.430622009569378,0.3,0.35363457760314343,0.36951962258694643
lstm,flood,1,y_flood_1h,33,0.0006295787545787546,0.9461906158544381,0.013462521849290495,0.0006258765738250309,0.005254138423806509,6.012842874569412e-05,0.013151033496958306,0.028368794326241134,0.12121212121212122,0.04597701149425287,0.0,0.0,0.0,0.008350286908443059
lstm,flood,6,y_flood_6h,198,0.0037774725274725275,0.9302608992371144,0.03654130840032631,0.003686728102700261,0.020321816661843184,0.0008987636547343995,0.03986964003530562,0.049079754601226995,0.08080808080808081,0.061068702290076333,0.0,0.0,0.0,0.034047350497723186
lstm,flood,24,y_flood_24h,792,0.01510989010989011,0.9050777220523849,0.10119235225420763,0.01411175090922076,0.05173041791904964,0.0040987022505661564,0.11850924107260766,0.10101010101010101,0.1388888888888889,0.11695906432748537,0.0,0.0,0.0,0.11833547009258516
lstm,landslide,1,y_landslide_1h,25,0.00047695360195360194,0.9526842396594835,0.006175864866803113,0.0004752183349443693,0.003162785122040046,5.775040990488722e-05,0.011147280536557766,0.005277044854881266,0.08,0.009900990099009901,0.0,0.0,0.0,0.008357421983013784
lstm,landslide,6,y_landslide_6h,150,0.0028617216117216115,0.9541555376981848,0.03905798105195887,0.0027818016835256102,0.0251374344364792,0.00015589372822915733,0.05206251826066181,0.06808510638297872,0.10666666666666667,0.08311688311688312,0.0,0.0,0.0,0.06037314143278227
lstm,landslide,24,y_landslide_24h,600,0.011446886446886446,0.9503201392105398,0.13425445781060297,0.010310796979938246,0.0888185856500171,0.0009622505332161267,0.10949435655554127,0.14872364039955605,0.44666666666666666,0.2231473771856786,0.0,0.0,0.0,0.11937952842298416
gru,flood,1,y_flood_1h,33,0.0006295787545787546,0.9485803571480222,0.007829586035653553,0.0006336339014984575,-0.00707508098262033,0.00019189714447946,0.004646678386831932,0.008274231678486997,0.21212121212121213,0.015927189988623434,0.0,0.0,0.0,0.010559770101464378
gru,flood,6,y_flood_6h,198,0.0037774725274725275,0.9565282067292868,0.04781401541160285,0.003728901743235978,0.009114970267468103,0.0018331727258777465,0.028420181046464366,0.044598612487611496,0.22727272727272727,0.07456503728251865,0.0,0.0,0.0,0.04858990023368098
gru,flood,24,y_flood_24h,792,0.01510989010989011,0.9278015828711726,0.10872775148376303,0.013874649096492976,0.0676629863375513,0.005594968245764584,0.0739617116015009,0.12614487926727727,0.38257575757575757,0.1897307451471509,0.0,0.0,0.0,0.12222646979404507
gru,landslide,1,y_landslide_1h,25,0.00047695360195360194,0.968763337214407,0.01452938944076685,0.00047332052540240046,0.007143707235254482,3.9338941272792676e-05,0.009611640554973263,0.01282051282051282,0.08,0.022099447513812154,0.0,0.0,0.0,0.021660864621636473
gru,landslide,6,y_landslide_6h,150,0.0028617216117216115,0.9739615301215577,0.07019193196748583,0.002699219700664219,0.054077701515312215,0.0006868928140309508,0.07813498797503268,0.09615384615384616,0.5,0.16129032258064516,0.0,0.0,0.0,0.12229625131386881
gru,landslide,24,y_landslide_24h,600,0.011446886446886446,0.9716676798672225,0.2634096773898829,0.00927594219948668,0.18027033708430318,0.0028319708691620753,0.20484651409908303,0.27230046948356806,0.6766666666666666,0.3883309421329507,0.0,0.0,0.0,0.26694912378122654
