model,target,level,hours,events,observed_rate,share_of_hours,share_of_events
xgboost,y_flood_1h,Low,52389,27,0.0005153753650575503,0.9994848901098901,0.8181818181818182
xgboost,y_flood_1h,Medium,27,6,0.2222222222222222,0.0005151098901098901,0.18181818181818182
xgboost,y_flood_1h,High,0,0,0.0,0.0,0.0
xgboost,y_flood_1h,Severe,0,0,0.0,0.0,0.0
xgboost,y_flood_6h,Low,52278,139,0.0026588622365048397,0.9973672161172161,0.702020202020202
xgboost,y_flood_6h,Medium,138,59,0.427536231884058,0.002632783882783883,0.29797979797979796
xgboost,y_flood_6h,High,0,0,0.0,0.0,0.0
xgboost,y_flood_6h,Severe,0,0,0.0,0.0,0.0
xgboost,y_flood_24h,Low,51861,617,0.011897186710630338,0.98941163003663,0.7790404040404041
xgboost,y_flood_24h,Medium,555,175,0.3153153153153153,0.010588369963369964,0.22095959595959597
xgboost,y_flood_24h,High,0,0,0.0,0.0,0.0
xgboost,y_flood_24h,Severe,0,0,0.0,0.0,0.0
xgboost,y_landslide_1h,Low,52396,22,0.00041987938010535155,0.9996184371184371,0.88
xgboost,y_landslide_1h,Medium,14,2,0.14285714285714285,0.0002670940170940171,0.08
xgboost,y_landslide_1h,High,6,1,0.16666666666666666,0.00011446886446886447,0.04
xgboost,y_landslide_1h,Severe,0,0,0.0,0.0,0.0
xgboost,y_landslide_6h,Low,52260,110,0.002104860313815538,0.9970238095238095,0.7333333333333333
xgboost,y_landslide_6h,Medium,64,11,0.171875,0.001221001221001221,0.07333333333333333
xgboost,y_landslide_6h,High,39,9,0.23076923076923078,0.000744047619047619,0.06
xgboost,y_landslide_6h,Severe,53,20,0.37735849056603776,0.0010111416361416362,0.13333333333333333
xgboost,y_landslide_24h,Low,51488,296,0.005748912367930391,0.9822954822954822,0.49333333333333335
xgboost,y_landslide_24h,Medium,516,122,0.2364341085271318,0.009844322344322344,0.20333333333333334
xgboost,y_landslide_24h,High,236,87,0.3686440677966102,0.004502442002442002,0.145
xgboost,y_landslide_24h,Severe,176,95,0.5397727272727273,0.003357753357753358,0.15833333333333333
